"anem_table_id","sample_id","size","anem_id","old_anem_id"
10,"APCL16_001",6.8,NA,NA
15,"APCL16_002",9.5,2175,NA
25,"APCL16_006",7.7,2178,402
26,"APCL16_009",9.2,2179,810
27,"APCL16_011",6,2180,401
29,"APCL16_012",8.3,NA,NA
35,"APCL16_013",7.8,2181,1018
40,"APCL16_019",6.5,2161,NA
42,"APCL16_015",7.4,2182,NA
48,"APCL16_016",6.8,2183,NA
51,"APCL16_021",10,2184,807
54,"APCL16_023",7.9,2185,749
58,"APCL16_024",9.5,2186,NA
62,"APCL16_028",7.1,NA,NA
63,"APCL16_025",8.5,2187,NA
64,"APCL16_027",8.5,2188,NA
65,"APCL16_029",7.1,2189,NA
67,"APCL16_030",7.6,2190,1001
73,"APCL16_031",5.3,2191,NA
76,"APCL16_033",9.5,2002,NA
78,"APCL16_035",10.7,NA,NA
88,"APCL16_036",9.7,1027,NA
91,"APCL16_040",10.1,1033,NA
92,"APCL16_038",10.2,2005,NA
95,"APCL16_044",10.7,2003,NA
96,"APCL16_046",3.5,2192,NA
99,"APCL16_048",5.9,2193,NA
100,"APCL16_051",5.1,2194,NA
101,"APCL16_049",9.2,495,NA
102,"APCL16_052",10.3,2195,NA
103,"APCL16_057",6.1,2197,NA
104,"APCL16_055",10.7,2196,488
113,"APCL16_058",5.7,2195,NA
114,"APCL16_059",7.5,2198,NA
119,"APCL16_062",7.5,2200,NA
120,"APCL16_060",5.1,2199,NA
122,"APCL16_072",10.2,2014,NA
123,"APCL16_063",4.5,945,NA
126,"APCL16_065",11,2201,960
128,"APCL16_068",10.5,2202,NA
129,"APCL16_074",7.1,2001,NA
136,"APCL16_076",9.6,2203,720
141,"APCL16_079",9.7,1026,NA
142,"APCL16_080",8,2207,727
143,"APCL16_082",4.2,2208,969
144,"APCL16_083",6.3,2209,NA
145,"APCL16_085",8.3,729,NA
148,"APCL16_086",6.5,971,NA
151,"APCL16_088",6.5,2210,NA
158,"APCL16_089",9.8,2211,NA
161,"APCL16_091",7.3,2008,NA
163,"APCL16_092",5.1,2212,961
165,"APCL16_093",4.1,2213,NA
168,"APCL16_094",10.6,2214,465
174,"APCL16_095",6.9,2215,NA
178,"APCL16_096",9.5,2015,NA
182,"APCL16_097",8.6,2216,476
189,"APCL16_099",8.6,2217,NA
190,"APCL16_101",8.1,2218,499
193,"APCL16_102",5,2219,NA
196,"APCL16_103",7.5,2220,957
197,"APCL16_104",8.8,2222,479
199,"APCL16_105",5.4,2223,940
201,"APCL16_107",10.1,434,110
202,"APCL16_109",5,2224,NA
204,"APCL16_110",9.5,881,NA
213,"APCL16_112",6,2225,NA
215,"APCL16_113",8.7,2226,NA
218,"APCL16_115",5.7,2227,NA
219,"APCL16_117",4.3,2229,NA
225,"APCL16_118",7.3,2230,NA
228,"APCL16_120",4.3,2231,414
229,"APCL16_123",5.5,NA,NA
230,"APCL16_121",9.2,2021,NA
235,"APCL16_124",3.6,2233,NA
236,"APCL16_125",11.1,2234,918
240,"APCL16_126",10.3,NA,NA
242,"APCL16_127",9.3,2235,415
249,"APCL16_129",10.7,2236,908
250,"APCL16_130",10.9,NA,NA
251,"APCL16_131",10.6,NA,NA
256,"APCL16_132",6.4,2237,NA
257,"APCL16_134",8.4,2238,359
259,"APCL16_126",9.7,876,NA
261,"APCL16_137",7.6,2239,NA
266,"APCL16_138",6.2,2240,NA
270,"APCL16_139",5.4,2241,NA
271,"APCL16_140",7,2242,NA
273,"APCL16_144",5.8,2244,NA
277,"APCL16_141",6.3,2243,389
278,"APCL16_145",6.6,2245,NA
279,"APCL16_146",8.1,2246,849
281,"APCL16_155",5.7,2252,NA
282,"APCL16_150",7.3,2248,871
283,"APCL16_149",3.9,2247,906
284,"APCL16_154",4.6,2251,NA
286,"APCL16_152",10,2250,904
301,"APCL16_160",7.9,1282,NA
302,"APCL16_156",6.5,2257,NA
303,"APCL16_159",8.6,2253,1278
311,"APCL16_161",8.9,2254,NA
312,"APCL16_162",7.7,2255,NA
313,"APCL16_163",8,2256,NA
317,"APCL16_165",8.3,2258,NA
322,"APCL16_168",8.3,2259,NA
326,"APCL16_171",7,2260,NA
330,"APCL16_172",6.1,2261,NA
333,"APCL16_175",8.2,2262,447
334,"APCL16_177",9.1,2263,445
338,"APCL16_179",7,2264,NA
343,"APCL16_182",10.6,451,NA
348,"APCL16_183",7.7,2266,NA
349,"APCL16_184",8.3,2267,NA
350,"APCL16_185",9.6,2268,NA
352,"APCL16_190",11.6,2147,NA
353,"APCL16_187",11.3,2269,397
355,"APCL16_191",10.6,2270,NA
357,"APCL16_193",7,2271,1286
359,"APCL16_197",5.3,2273,NA
360,"APCL16_195",6.8,2272,NA
361,"APCL16_199",8.5,2274,NA
362,"APCL16_201",8.4,1351,NA
365,"APCL16_203",7.9,2275,NA
366,"APCL16_205",5.5,2276,NA
367,"APCL16_207",10.1,1270,NA
370,"APCL16_210",8.6,2278,NA
373,"APCL16_208",5.9,227,NA
376,"APCL16_212",5.2,2279,NA
378,"APCL16_213",7.7,2280,1310
381,"APCL16_214",3.6,709,NA
387,"APCL16_216",5.6,2282,NA
391,"APCL16_219",9,2284,1080
397,"APCL16_221",6.9,2285,NA
398,"APCL16_222",5.8,2284,NA
402,"APCL16_223",8.6,2286,NA
404,"APCL16_229",9.4,2290,NA
406,"APCL16_224",9,2287,NA
408,"APCL16_226",8.5,2288,NA
414,"APCL16_228",9.5,2289,NA
416,"APCL16_230",8,NA,NA
428,"APCL16_231",5,2291,NA
430,"APCL16_233",8.2,NA,NA
432,"APCL16_235",9.1,NA,NA
434,"APCL16_237",7.2,NA,NA
435,"APCL16_238",6.9,2292,NA
439,"APCL16_241",8.6,NA,NA
461,"APCL16_243",4,2293,605
476,"APCL16_244",9.6,2038,NA
482,"APCL16_246",9.9,NA,NA
488,"APCL16_252",9.4,NA,NA
501,"APCL16_253",8.9,2028,NA
503,"APCL16_254",9.8,2029,NA
505,"APCL16_257",7.5,2294,NA
513,"APCL16_264",9.6,2295,688
514,"APCL16_266",9.7,2296,696
515,"APCL16_268",8.9,2297,1326
518,"APCL16_270",8.3,2298,NA
519,"APCL16_272",6.7,2299,NA
521,"APCL16_274",7.2,2300,NA
522,"APCL16_276",6.6,2301,NA
523,"APCL16_277",7.7,2302,NA
531,"APCL16_278",7,2303,NA
532,"APCL16_279",11.3,2304,704
533,"APCL16_281",7.8,2305,NA
535,"APCL16_283",6.5,1304,NA
536,"APCL16_285",5.6,2306,701
540,"APCL16_290",9.9,2309,NA
541,"APCL16_293",6.6,2310,NA
544,"APCL16_294",7.3,2311,NA
545,"APCL16_295",10.1,2312,NA
546,"APCL16_297",9,2313,NA
548,"APCL16_299",9.7,2314,NA
550,"APCL16_300",4.9,2315,NA
551,"APCL16_301",6.6,2316,NA
552,"APCL16_303",8.6,2317,NA
559,"APCL16_305",3.5,NA,NA
561,"APCL16_306",9.8,2318,377
563,"APCL16_308",7.9,51,NA
564,"APCL16_310",7,NA,NA
565,"APCL16_311",8.2,NA,NA
568,"APCL16_313",8.6,NA,NA
570,"APCL16_315",7.5,NA,NA
573,"APCL16_317",7.8,2401,NA
574,"APCL16_323",7.9,NA,NA
585,"APCL16_329",6.6,2402,NA
592,"APCL16_333",7.5,2403,NA
595,"APCL16_332",9,2405,NA
601,"APCL16_334",6.7,2406,1091
602,"APCL16_336",3.8,2407,NA
604,"APCL16_338",9.1,2408,NA
605,"APCL16_341",5.3,2409,NA
606,"APCL16_343",6.2,2087,NA
608,"APCL16_345",5.8,2410,NA
612,"APCL16_347",8.9,2131,NA
615,"APCL16_350",7.7,2411,NA
617,"APCL16_351",5.6,2412,1092
618,"APCL16_357",7.6,NA,NA
619,"APCL16_363",9.2,NA,NA
620,"APCL16_369",4.3,NA,NA
627,"APCL16_371",6.6,2413,NA
628,"APCL16_372",6.4,2414,NA
629,"APCL16_373",8.1,2415,1183
630,"APCL16_374",5.1,2416,NA
631,"APCL16_375",8.5,2404,NA
632,"APCL16_376",7.3,1098,NA
654,"APCL16_378",9.4,2417,NA
658,"APCL16_382",9.5,2418,NA
663,"APCL16_385",5.1,2419,NA
667,"APCL16_387",4.8,NA,NA
668,"APCL16_388",7.8,2420,NA
688,"APCL16_394",3.6,2421,NA
708,"APCL16_400",3.7,2422,NA
748,"APCL16_410",8.7,2423,NA
749,"APCL16_416",3.7,NA,NA
790,"APCL16_419",5.2,2257,NA
791,"APCL16_420",6.6,NA,NA
792,"APCL16_421",7.7,2254,NA
793,"APCL16_424",8.2,2424,523
809,"APCL16_428",9,NA,NA
819,"APCL16_430",5.8,2425,512
820,"APCL16_432",9.6,2426,NA
862,"APCL16_438",9,2428,NA
866,"APCL16_442",9.7,2429,NA
873,"APCL16_443",4.4,2430,680
874,"APCL16_444",8.5,2431,1116
877,"APCL16_446",7.2,2432,1114
879,"APCL16_447",7.8,2433,938
880,"APCL16_452",7.3,2435,221
882,"APCL16_453",4.4,2434,NA
889,"APCL16_454",4.1,2436,NA
891,"APCL16_455",6.2,2437,NA
892,"APCL16_458",5.3,2438,NA
893,"APCL16_465",7.2,2444,934
894,"APCL16_459",7.6,2441,NA
895,"APCL16_462",8,2442,NA
896,"APCL16_464",6.2,2443,NA
900,"APCL16_468",8.8,2445,472
902,"APCL16_471",7.3,2446,NA
904,"APCL16_480",7.8,2448,955
905,"APCL16_485",7,NA,NA
906,"APCL16_491",9.7,NA,NA
908,"APCL16_496",8.7,2449,NA
909,"APCL16_498",8.8,2450,936
910,"APCL16_499",8,2451,NA
912,"APCL16_503",6,2452,NA
913,"APCL16_504",4.7,2453,NA
915,"APCL16_507",8,2454,NA
921,"APCL16_508",9.5,2455,NA
925,"APCL16_509",6.2,2458,NA
926,"APCL16_510",4,2459,NA
931,"APCL16_511",4.4,NA,NA
933,"APCL16_512",6.8,2462,NA
934,"APCL16_516",7.9,2463,1098
935,"APCL16_517",8.4,2464,NA
939,"APCL16_519",8.3,2465,601
940,"APCL16_521",6.5,2466,NA
941,"APCL16_522",7.7,2469,NA
943,"APCL16_524",9.2,2060,NA
944,"APCL16_526",8.7,2469,600
948,"APCL16_529",3.8,2471,NA
957,"APCL16_531",6.6,2461,NA
958,"APCL16_532",5.9,2472,NA
963,"APCL16_478",4.7,2473,597
964,"APCL16_537",9.5,NA,NA
972,"APCL16_541",6.6,2474,NA
973,"APCL16_543",4.3,2475,NA
975,"APCL16_544",8.6,2476,595
978,"APCL16_547",5.6,2479,NA
979,"APCL16_549",8.5,2480,1122
980,"APCL16_551",9.3,2481,NA
984,"APCL16_555",6.4,2482,NA
985,"APCL16_556",4.3,2061,NA
986,"APCL16_557",5.8,2483,NA
989,"APCL16_560",11.8,2477,873
995,"APCL16_563",5.4,2486,NA
996,"APCL16_564",8.4,2487,913
997,"APCL16_565",8.6,2488,912
1001,"APCL16_566",10.5,2490,428
1003,"APCL16_570",4.7,2491,427
1005,"APCL16_571",8,423,NA
1007,"APCL16_575",7.6,2493,NA
1008,"APCL16_576",9.6,2238,NA
1011,"APCL16_580",6.3,2495,NA
1013,"APCL16_577",5.4,2494,NA
1014,"APCL16_582",5.8,2495,240
1015,"APCL16_584",8.4,2497,1047
1016,"APCL16_585",4.4,2498,NA
1019,"APCL16_587",7.3,2499,NA
1020,"APCL16_588",6.6,2069,NA
1021,"APCL16_592",8.8,2500,NA
1023,"APCL16_597",8.2,2067,NA
1026,"APCL16_598",8.6,2501,NA
1027,"APCL16_600",8.8,2072,NA
1033,"APCL16_607",6.6,2502,NA
1035,"APCL16_608",6.7,2503,691
1036,"APCL16_615",9.5,NA,NA
1047,"APCL16_620",9.6,2504,NA
1054,"APCL16_627",3.8,2505,930
1055,"APCL16_634",7.8,NA,NA
1056,"APCL16_641",7,NA,NA
1062,"APCL16_642",6.1,2506,NA
1064,"APCL16_643",4.3,2507,NA
1067,"APCL16_645",8.7,2508,NA
1070,"APCL16_646",7.7,2509,NA
1071,"APCL16_653",3.6,NA,NA
1072,"APCL16_660",4.2,NA,NA
1080,"APCL16_662",4.3,2510,NA
1083,"APCL16_663",4.6,2511,NA
1091,"APCL16_664",5.4,2512,NA
1092,"APCL16_666",7,2513,NA
1093,"APCL16_667",4,2514,NA
1094,"APCL16_669",4.1,2515,NA
1098,"APCL16_671",9.4,2516,NA
1099,"APCL16_673",5.1,2517,NA
1107,"APCL16_674",5.7,2518,NA
1108,"APCL16_675",5,2519,508
1118,"APCL16_676",5.1,2520,NA
1128,"APCL16_677",5.6,2521,NA
1129,"APCL16_678",6.3,2522,NA
1132,"APCL16_680",5.7,2523,NA
1134,"APCL16_681",8,2524,1346
1137,"APCL16_682",7.7,2525,NA
1140,"APCL16_685",3.5,2526,NA
1141,"APCL16_686",5,2527,NA
1142,"APCL16_687",5.6,2528,NA
1143,"APCL16_688",4,2149,NA
1148,"APCL16_693",9.1,2530,NA
1149,"APCL16_695",10,2153,NA
1150,"APCL16_696",7.2,2155,NA
1152,"APCL16_698",8.5,2531,NA
1155,"APCL16_701",6,2533,NA
1157,"APCL16_702",6.7,2534,NA
1159,"APCL16_703",4.8,2157,NA
1160,"APCL16_710",7.4,NA,NA
1165,"APCL16_712",8.8,2535,NA
1166,"APCL16_713",5.9,2536,NA
1168,"APCL16_715",5.4,2537,NA
1169,"APCL16_717",3.9,2538,NA
1170,"APCL16_718",9.2,2157,NA
1171,"APCL16_719",4.2,2539,NA
1172,"APCL16_720",4.7,2540,NA
1174,"APCL16_721",5.2,2541,NA
1175,"APCL16_722",5.5,2542,NA
1176,"APCL16_723",4.8,2543,NA
1178,"APCL16_724",5.8,2544,738
1182,"APCL16_727",4.5,2545,NA
1184,"APCL16_729",7.9,2546,740
1186,"APCL16_730",4.6,2547,NA
1188,"APCL16_731",3.8,2548,741
1192,"APCL16_733",4.8,2549,NA
1193,"APCL16_734",9.8,2550,466
1194,"APCL16_735",8.3,2548,NA
1195,"APCL16_739",3.6,2551,781
1196,"APCL16_741",6,2552,NA
1204,"APCL16_745",7.1,2161,NA
1206,"APCL16_747",11.8,2135,NA
1207,"APCL16_753",7.6,2136,NA
1208,"APCL16_756",11.8,2554,NA
1209,"APCL16_758",8.8,NA,NA
1213,"APCL16_760",12.6,2559,NA
1215,"APCL16_763",10.6,2564,NA
1216,"APCL16_765",11.7,2560,757
1217,"APCL16_766",7.6,2561,394
1219,"APCL16_770",6,2001,NA
1220,"APCL16_771",6.5,2002,NA
1221,"APCL16_773",8.7,2192,NA
1222,"APCL16_774",5.4,2563,966
1224,"APCL16_775",6.8,2204,NA
1233,"APCL16_778",9.7,2566,950
1235,"APCL16_779",7.7,2207,NA
1237,"APCL16_780",8.2,2567,NA
1238,"APCL16_781",9.4,2208,NA
1239,"APCL16_782",10.5,2568,970
1240,"APCL16_783",6.6,2569,NA
1245,"APCL16_785",8.2,2220,NA
1247,"APCL16_786",7,2571,478
1249,"APCL16_788",8.8,2218,NA
1250,"APCL16_790",10,2572,110
1251,"APCL16_791",10.7,881,NA
1254,"APCL16_793",9.6,NA,NA
1255,"APCL16_794",6.8,2576,1126
1256,"APCL16_795",9.4,2577,1127
1257,"APCL16_796",5.7,2578,NA
1267,"APCL16_799",8.4,2036,NA
1277,"APCL16_802",9.3,2035,NA
1287,"APCL16_803",8.4,2037,NA
1297,"APCL16_805",7.5,2579,NA
1301,"APCL16_809",7.8,2250,NA
1302,"APCL16_810",7.3,2248,NA
1304,"APCL16_811",9.2,2246,NA
1308,"APCL16_812",5.4,2582,689
1311,"APCL16_813",5.6,NA,NA
15,"APCL16_003",9.9,2175,NA
22,"APCL16_004",9,2177,494
25,"APCL16_007",6.8,2178,402
26,"APCL16_010",7.5,2179,810
35,"APCL16_014",9.2,2181,1018
40,"APCL16_020",8,2161,NA
48,"APCL16_017",9.1,2183,NA
51,"APCL16_022",9.8,2184,807
63,"APCL16_026",9.5,2187,NA
73,"APCL16_032",9.2,2191,NA
76,"APCL16_034",6.6,2002,NA
88,"APCL16_037",9.3,1027,NA
91,"APCL16_041",9.6,1033,NA
92,"APCL16_039",11.1,2005,NA
95,"APCL16_045",9.8,2003,NA
96,"APCL16_047",6.1,2192,NA
101,"APCL16_054",7.1,495,NA
102,"APCL16_053",9.6,2195,NA
104,"APCL16_056",10.3,2196,488
122,"APCL16_070",9.6,2014,NA
126,"APCL16_066",5.1,2201,960
128,"APCL16_069",8.6,2202,NA
131,"APCL16_078",4.4,2206,128
135,"APCL16_075",6.3,2204,NA
142,"APCL16_081",7.3,2207,727
144,"APCL16_084",3.5,2209,NA
148,"APCL16_087",8.9,971,NA
158,"APCL16_090",5.9,2211,NA
182,"APCL16_098",8.8,2216,476
189,"APCL16_100",5.6,2217,NA
199,"APCL16_106",4.5,2223,940
201,"APCL16_108",4.7,434,110
204,"APCL16_111",8.2,881,NA
215,"APCL16_114",10.5,2226,NA
218,"APCL16_116",6.5,2227,NA
225,"APCL16_119",6.8,2230,NA
230,"APCL16_122",8.8,2021,NA
242,"APCL16_128",9.6,2235,415
252,"APCL16_133",4,909,419
257,"APCL16_135",8.1,2238,359
277,"APCL16_142",3.8,2243,389
279,"APCL16_147",10.3,2246,849
282,"APCL16_151",3.9,2248,871
286,"APCL16_153",4.6,2250,904
302,"APCL16_157",4.9,2257,NA
313,"APCL16_164",6.3,2256,NA
317,"APCL16_166",8.7,2258,NA
322,"APCL16_169",9.3,2259,NA
330,"APCL16_173",7.1,2261,NA
333,"APCL16_176",8.9,2262,447
334,"APCL16_178",8.2,2263,445
338,"APCL16_180",3.8,2264,NA
350,"APCL16_186",10.7,2268,NA
352,"APCL16_189",10.8,2147,NA
353,"APCL16_188",9.8,2269,397
355,"APCL16_192",11.2,2270,NA
357,"APCL16_194",8,2271,1286
360,"APCL16_196",5.1,2272,NA
361,"APCL16_198",9,2274,NA
362,"APCL16_202",10.4,1351,NA
365,"APCL16_204",9.4,2275,NA
366,"APCL16_206",3.5,2276,NA
373,"APCL16_209",4.9,227,NA
383,"APCL16_215",4.5,2281,NA
387,"APCL16_217",6.8,2282,NA
391,"APCL16_220",9.3,2284,1080
406,"APCL16_225",6.8,2287,NA
408,"APCL16_227",7.9,2288,NA
428,"APCL16_232",4,2291,NA
430,"APCL16_234",8.6,NA,NA
432,"APCL16_236",8.5,NA,NA
435,"APCL16_239",4.4,2292,NA
439,"APCL16_242",5.9,NA,NA
476,"APCL16_245",7.1,2038,NA
482,"APCL16_247",8.3,NA,NA
503,"APCL16_255",7.4,2029,NA
505,"APCL16_258",8.7,2294,NA
513,"APCL16_265",6,2295,688
514,"APCL16_267",9.3,2296,696
515,"APCL16_269",7.1,2297,1326
518,"APCL16_271",4.8,2298,NA
519,"APCL16_273",6.1,2299,NA
521,"APCL16_275",10.5,2300,NA
532,"APCL16_280",10,2304,704
533,"APCL16_282",9.6,2305,NA
535,"APCL16_284",8,1304,NA
536,"APCL16_286",10.5,2306,701
540,"APCL16_291",9.3,2309,NA
545,"APCL16_296",9,2312,NA
546,"APCL16_298",8.7,2313,NA
551,"APCL16_302",5.2,2316,NA
552,"APCL16_304",5.8,2317,NA
561,"APCL16_307",8.2,2318,377
563,"APCL16_309",8.4,51,NA
565,"APCL16_312",9,NA,NA
568,"APCL16_314",7.8,NA,NA
570,"APCL16_316",5.5,NA,NA
573,"APCL16_318",7,2401,NA
574,"APCL16_324",10.2,NA,NA
585,"APCL16_330",4.9,2402,NA
601,"APCL16_335",3.7,2406,1091
604,"APCL16_339",6.6,2408,NA
605,"APCL16_342",5.6,2409,NA
606,"APCL16_344",8.2,2087,NA
608,"APCL16_346",3.5,2410,NA
612,"APCL16_348",6.3,2131,NA
617,"APCL16_352",8.8,2412,1092
618,"APCL16_358",6.1,NA,NA
619,"APCL16_364",5.4,NA,NA
620,"APCL16_370",8.1,NA,NA
632,"APCL16_377",4.1,1098,NA
654,"APCL16_379",3.8,2417,NA
658,"APCL16_383",8.7,2418,NA
663,"APCL16_386",5.2,2419,NA
668,"APCL16_389",8.6,2420,NA
688,"APCL16_395",8,2421,NA
708,"APCL16_401",8.8,2422,NA
709,"APCL16_406",8.2,NA,NA
748,"APCL16_411",10.2,2423,NA
749,"APCL16_417",5.1,NA,NA
793,"APCL16_425",8.5,2424,523
809,"APCL16_429",8.2,NA,NA
819,"APCL16_431",4.3,2425,512
820,"APCL16_433",5.6,2426,NA
862,"APCL16_439",10.6,2428,NA
874,"APCL16_445",8.8,2431,1116
879,"APCL16_448",9.2,2433,938
891,"APCL16_456",3.9,2437,NA
893,"APCL16_466",6,2444,934
894,"APCL16_460",7.7,2441,NA
895,"APCL16_463",7.9,2442,NA
900,"APCL16_469",8.6,2445,472
902,"APCL16_472",8.1,2446,NA
903,"APCL16_474",8.9,2447,954
904,"APCL16_481",5.8,2448,955
905,"APCL16_486",7.4,NA,NA
906,"APCL16_492",6.6,NA,NA
908,"APCL16_497",8.6,2449,NA
909,"APCL16_501",9.2,2450,936
910,"APCL16_500",5.1,2451,NA
913,"APCL16_505",5.3,2453,NA
933,"APCL16_513",7.5,2462,NA
935,"APCL16_518",8.9,2464,NA
939,"APCL16_520",8.6,2465,601
941,"APCL16_523",8,2469,NA
943,"APCL16_525",4.9,2060,NA
948,"APCL16_530",7.4,2471,NA
963,"APCL16_479",9.4,2473,597
964,"APCL16_538",3.5,NA,NA
972,"APCL16_543",8,2474,NA
975,"APCL16_545",9.6,2476,595
978,"APCL16_548",4.9,2479,NA
979,"APCL16_550",8,2480,1122
980,"APCL16_552",3.5,2481,NA
986,"APCL16_558",5.7,2483,NA
987,"APCL16_559",8.1,2484,1119
989,"APCL16_561",8.3,2477,873
1001,"APCL16_567",8.6,2490,428
1005,"APCL16_572",7.7,423,NA
1011,"APCL16_581",4.3,2495,NA
1013,"APCL16_578",7.2,2494,NA
1014,"APCL16_583",6,2495,240
1016,"APCL16_586",6.9,2498,NA
1020,"APCL16_589",8,2069,NA
1021,"APCL16_593",9.2,2500,NA
1026,"APCL16_599",7.3,2501,NA
1027,"APCL16_601",9.4,2072,NA
1035,"APCL16_609",8.7,2503,691
1036,"APCL16_616",5.5,NA,NA
1047,"APCL16_621",10.4,2504,NA
1054,"APCL16_628",9,2505,930
1055,"APCL16_635",6.6,NA,NA
1064,"APCL16_644",9.7,2507,NA
1070,"APCL16_647",5.8,2509,NA
1071,"APCL16_654",7.6,NA,NA
1072,"APCL16_661",8.8,NA,NA
1091,"APCL16_665",8.3,2512,NA
1093,"APCL16_668",4.9,2514,NA
1094,"APCL16_670",5.6,2515,NA
1098,"APCL16_672",4.5,2516,NA
1129,"APCL16_679",4.8,2522,NA
1137,"APCL16_683",8.9,2525,NA
1143,"APCL16_689",5.2,2149,NA
1148,"APCL16_694",9.2,2530,NA
1149,"APCL16_696",9.7,2153,NA
1152,"APCL16_699",7.9,2531,NA
1154,"APCL16_700",5.8,2532,NA
1159,"APCL16_704",5.3,2157,NA
1160,"APCL16_711",6.4,NA,NA
1166,"APCL16_714",7.9,2536,NA
1168,"APCL16_716",6.2,2537,NA
1178,"APCL16_725",4.5,2544,738
1182,"APCL16_728",4,2545,NA
1188,"APCL16_732",6.7,2548,741
1194,"APCL16_736",8,2548,NA
1195,"APCL16_740",6.8,2551,781
1196,"APCL16_742",5,2552,NA
1200,"APCL16_743",6.4,2553,NA
1204,"APCL16_746",6.4,2161,NA
1206,"APCL16_748",12.3,2135,NA
1208,"APCL16_757",11.9,2554,NA
1212,"APCL16_759",6.9,2557,NA
1213,"APCL16_761",7.8,2559,NA
1215,"APCL16_764",9.6,2564,NA
1216,"APCL16_767",12.7,2560,757
1223,"APCL16_776",9.6,2203,NA
1226,"APCL16_777",10,2010,NA
1243,"APCL16_784",9,2216,NA
1248,"APCL16_787",9.4,2222,NA
1249,"APCL16_789",10.4,2218,NA
1251,"APCL16_792",9,881,NA
1257,"APCL16_797",9,2578,NA
1267,"APCL16_800",10.7,2036,NA
1287,"APCL16_804",6.7,2037,NA
1297,"APCL16_806",9,2579,NA
1316,"APCL16_815",5.1,NA,NA
22,"APCL16_005",6.1,2177,494
25,"APCL16_008",6,2178,402
48,"APCL16_018",6.5,2183,NA
91,"APCL16_042",3.5,1033,NA
92,"APCL16_043",6.5,2005,NA
101,"APCL16_050",4.4,495,NA
119,"APCL16_061",6.3,2200,NA
122,"APCL16_073",5.8,2014,NA
126,"APCL16_067",11,2201,960
131,"APCL16_077",7.2,2206,128
277,"APCL16_143",5.4,2243,389
279,"APCL16_148",4,2246,849
302,"APCL16_158",4.5,2257,NA
317,"APCL16_167",6,2258,NA
322,"APCL16_170",5.7,2259,NA
330,"APCL16_174",4.7,2261,NA
341,"APCL16_181",4,2265,NA
370,"APCL16_211",3.6,2278,NA
387,"APCL16_218",8.5,2282,NA
435,"APCL16_240",5.8,2292,NA
482,"APCL16_248",9.7,NA,NA
503,"APCL16_256",6.9,2029,NA
505,"APCL16_259",8.6,2294,NA
536,"APCL16_287",10.6,2306,701
540,"APCL16_292",5.9,2309,NA
573,"APCL16_319",5.2,2401,NA
574,"APCL16_325",7.6,NA,NA
585,"APCL16_331",4.1,2402,NA
604,"APCL16_340",8.9,2408,NA
612,"APCL16_349",4.9,2131,NA
617,"APCL16_353",8.7,2412,1092
618,"APCL16_359",7.8,NA,NA
619,"APCL16_365",8.1,NA,NA
654,"APCL16_380",7.2,2417,NA
658,"APCL16_384",7.8,2418,NA
668,"APCL16_390",7.6,2420,NA
688,"APCL16_396",6.5,2421,NA
708,"APCL16_402",6.2,2422,NA
709,"APCL16_407",7.6,NA,NA
748,"APCL16_412",8.1,2423,NA
749,"APCL16_418",6.5,NA,NA
792,"APCL16_422",4.6,2254,NA
793,"APCL16_426",4.9,2424,523
820,"APCL16_437",9.6,2426,NA
862,"APCL16_440",5.9,2428,NA
879,"APCL16_449",5.4,2433,938
891,"APCL16_457",6.2,2437,NA
894,"APCL16_461",4.1,2441,NA
900,"APCL16_470",7.2,2445,472
902,"APCL16_473",8.9,2446,NA
903,"APCL16_475",8.2,2447,954
904,"APCL16_482",5.6,2448,955
905,"APCL16_487",8.2,NA,NA
906,"APCL16_493",4.3,NA,NA
910,"APCL16_502",8.6,2451,NA
944,"APCL16_527",4.5,2469,600
946,"APCL16_528",6.6,2470,NA
963,"APCL16_533",5.2,2473,597
964,"APCL16_539",9.4,NA,NA
980,"APCL16_553",9,2481,NA
989,"APCL16_562",11,2477,873
1001,"APCL16_568",7.5,2490,428
1005,"APCL16_573",6.8,423,NA
1020,"APCL16_590",4,2069,NA
1021,"APCL16_594",3.5,2500,NA
1027,"APCL16_602",4.3,2072,NA
1035,"APCL16_610",3.7,2503,691
1036,"APCL16_617",9.7,NA,NA
1047,"APCL16_622",4.3,2504,NA
1054,"APCL16_629",7.2,2505,930
1055,"APCL16_636",4,NA,NA
1070,"APCL16_648",7.4,2509,NA
1071,"APCL16_655",8.3,NA,NA
1137,"APCL16_684",5.4,2525,NA
1143,"APCL16_690",7.9,2149,NA
1147,"APCL16_691",7.5,2529,NA
1159,"APCL16_705",7.3,2157,NA
1178,"APCL16_726",4.7,2544,738
1194,"APCL16_737",4.3,2548,NA
1200,"APCL16_744",8.2,2553,NA
1207,"APCL16_754",3.7,2136,NA
1213,"APCL16_762",12.5,2559,NA
1216,"APCL16_768",11.8,2560,757
1220,"APCL16_772",9.9,2002,NA
1257,"APCL16_798",7.1,2578,NA
1267,"APCL16_801",8,2036,NA
1297,"APCL16_807",9.2,2579,NA
1311,"APCL16_814",8.2,NA,NA
122,"APCL16_071",4.2,2014,NA
361,"APCL16_200",5.4,2274,NA
482,"APCL16_249",6,NA,NA
505,"APCL16_260",6.9,2294,NA
536,"APCL16_288",6.8,2306,701
573,"APCL16_320",7.2,2401,NA
574,"APCL16_326",5.7,NA,NA
617,"APCL16_354",6.7,2412,1092
618,"APCL16_360",5.3,NA,NA
619,"APCL16_366",8.5,NA,NA
654,"APCL16_381",7.2,2417,NA
668,"APCL16_391",6.4,2420,NA
688,"APCL16_399",6.9,2421,NA
708,"APCL16_403",8,2422,NA
709,"APCL16_408",4.2,NA,NA
748,"APCL16_413",4.7,2423,NA
792,"APCL16_423",5.8,2254,NA
793,"APCL16_427",5.7,2424,523
820,"APCL16_434",5.8,2426,NA
862,"APCL16_441",9.2,2428,NA
879,"APCL16_450",3.5,2433,938
893,"APCL16_467",4.6,2444,934
903,"APCL16_476",8,2447,954
904,"APCL16_483",7.9,2448,955
905,"APCL16_488",7.4,NA,NA
906,"APCL16_494",4.9,NA,NA
913,"APCL16_506",8.5,2453,NA
933,"APCL16_514",3.7,2462,NA
963,"APCL16_534",8.8,2473,597
964,"APCL16_540",8.7,NA,NA
980,"APCL16_554",6,2481,NA
1001,"APCL16_569",8.9,2490,428
1005,"APCL16_574",10.5,423,NA
1013,"APCL16_579",3.9,2494,NA
1020,"APCL16_591",4.8,2069,NA
1021,"APCL16_595",6.1,2500,NA
1027,"APCL16_603",7.6,2072,NA
1035,"APCL16_611",5.6,2503,691
1036,"APCL16_618",6.8,NA,NA
1047,"APCL16_623",7.7,2504,NA
1054,"APCL16_630",8.8,2505,930
1055,"APCL16_637",4.8,NA,NA
1070,"APCL16_649",6.2,2509,NA
1071,"APCL16_656",6.3,NA,NA
1147,"APCL16_692",8.2,2529,NA
1159,"APCL16_706",8.2,2157,NA
1194,"APCL16_738",5.2,2548,NA
1206,"APCL16_749",3.9,2135,NA
1207,"APCL16_755",6.4,2136,NA
1216,"APCL16_769",11.6,2560,757
482,"APCL16_250",9.2,NA,NA
505,"APCL16_261",10.4,2294,NA
536,"APCL16_298",5.1,2306,701
573,"APCL16_321",7.5,2401,NA
574,"APCL16_327",9.9,NA,NA
617,"APCL16_355",7.3,2412,1092
618,"APCL16_361",4.6,NA,NA
619,"APCL16_367",7.1,NA,NA
668,"APCL16_392",8.9,2420,NA
688,"APCL16_397",3.6,2421,NA
708,"APCL16_404",8.5,2422,NA
709,"APCL16_409",7.5,NA,NA
748,"APCL16_414",4.1,2423,NA
820,"APCL16_435",9.1,2426,NA
879,"APCL16_451",3.9,2433,938
903,"APCL16_477",4.9,2447,954
905,"APCL16_489",8.1,NA,NA
906,"APCL16_495",4.6,NA,NA
933,"APCL16_515",8.5,2462,NA
963,"APCL16_535",8.6,2473,597
1021,"APCL16_596",5.4,2500,NA
1027,"APCL16_604",7.5,2072,NA
1035,"APCL16_612",6.3,2503,691
1036,"APCL16_619",4.6,NA,NA
1047,"APCL16_624",8.4,2504,NA
1054,"APCL16_631",8.6,2505,930
1055,"APCL16_638",5,NA,NA
1070,"APCL16_650",6.7,2509,NA
1071,"APCL16_657",4.4,NA,NA
1159,"APCL16_707",7.5,2157,NA
1206,"APCL16_750",5.2,2135,NA
482,"APCL16_251",10.2,NA,NA
505,"APCL16_262",5.5,2294,NA
573,"APCL16_322",5.9,2401,NA
574,"APCL16_328",9.2,NA,NA
617,"APCL16_356",6.3,2412,1092
618,"APCL16_362",5.4,NA,NA
619,"APCL16_368",6.1,NA,NA
688,"APCL16_398",5.6,2421,NA
708,"APCL16_405",7.6,2422,NA
748,"APCL16_415",5.6,2423,NA
820,"APCL16_436",8,2426,NA
904,"APCL16_984",8.6,2448,955
905,"APCL16_490",9.3,NA,NA
963,"APCL16_536",8,2473,597
1027,"APCL16_605",5.3,2072,NA
1035,"APCL16_613",4.3,2503,691
1047,"APCL16_625",6.8,2504,NA
1054,"APCL16_632",7.7,2505,930
1055,"APCL16_639",5.2,NA,NA
1070,"APCL16_651",5.3,2509,NA
1071,"APCL16_658",5,NA,NA
1159,"APCL16_708",5,2157,NA
1206,"APCL16_751",10.7,2135,NA
505,"APCL16_263",3.9,2294,NA
1027,"APCL16_606",8.2,2072,NA
1035,"APCL16_614",10.4,2503,691
1047,"APCL16_626",4.4,2504,NA
1054,"APCL16_633",9.1,2505,930
1055,"APCL16_640",6.6,NA,NA
1070,"APCL16_652",6.7,2509,NA
1071,"APCL16_659",8,NA,NA
1159,"APCL16_709",6,2157,NA
1206,"APCL16_752",10.5,2135,NA
1317,"APCL15_374542",9.4,776,NA
1318,"APCL15_001",10.2,1338,NA
1319,"APCL15_371463",8.2,1285,NA
1321,"APCL15_375747",9.5,1284,NA
1322,"APCL15_375526",7.5,1287,NA
1327,"APCL15_406794",9.3,2001,1030
1329,"APCL15_371626",6.1,NA,NA
1334,"APCL15_371588",9.1,2002,NA
1341,"APCL15_375516",9.3,1029,NA
1342,"APCL15_375267",9.3,1028,NA
1346,"APCL15_371511",6.8,2003,NA
1351,"APCL15_376294",9.7,2005,NA
1352,"APCL15_374415",9.1,2006,NA
1355,"APCL15_374393",9,2007,NA
1360,"APCL15_374248",8.9,2008,NA
1362,"APCL15_374364",8.6,943,NA
1363,"APCL15_372957",9.7,942,NA
1364,"APCL15_372739",10,959,NA
1366,"APCL15_373943",9.2,730,NA
1369,"APCL15_370885",8.2,969,NA
1370,"APCL15_371421",9.1,2009,NA
1372,"APCL15_370935",10.1,2005,NA
1373,"APCL15_371708",7.9,948,NA
1374,"APCL15_375598",9.1,726,NA
1375,"APCL15_375914",8.8,2010,NA
1376,"APCL15_373373",10.4,1026,NA
1378,"APCL15_376136",8.6,949,NA
1379,"APCL15_373338",6.9,2011,NA
1381,"APCL15_372147",8.4,2013,484
1382,"APCL15_372744",9.6,2014,NA
1384,"APCL15_373422",9.4,479,NA
1385,"APCL15_373778",7.7,478,NA
1386,"APCL15_375443",5.5,939,NA
1389,"APCL15_003",8.2,2015,NA
1391,"APCL15_402340",8.2,958,NA
1392,"APCL15_004",5,2016,NA
1394,"APCL15_404572",7.6,435,NA
1395,"APCL15_400461",9.2,938,NA
1399,"APCL15_401656",8.6,2017,NA
1400,"APCL15_404045",6,416,NA
1401,"APCL15_404526",10.3,915,NA
1402,"APCL15_403698",7,879,NA
1404,"APCL15_006",5.7,913,NA
1405,"APCL15_405714",9.9,912,NA
1406,"APCL15_010",4.8,428,NA
1407,"APCL15_401616",6,2018,NA
1408,"APCL15_404951",8.6,425,NA
1409,"APCL15_011",4.8,427,NA
1410,"APCL15_012",4.3,363,NA
1411,"APCL15_407082",9,426,NA
1413,"APCL15_014",5.2,910,360
1415,"APCL15_402230",10.1,419,NA
1417,"APCL15_405523",10,876,NA
1418,"APCL15_402799",9.9,2019,NA
1419,"APCL15_404741",8.2,909,NA
1423,"APCL15_406037",9.6,417,NA
1424,"APCL15_404305",6.1,415,NA
1426,"APCL15_407477",8.4,414,NA
1427,"APCL15_402921",8.9,2021,884
1429,"APCL15_017",5.4,2022,NA
1432,"APCL15_407028",9.7,919,NA
1433,"APCL15_403879",7,887,NA
1434,"APCL15_403040",9,921,NA
1435,"APCL15_404854",9.2,881,NA
1438,"APCL15_020",4,2023,NA
1439,"APCL15_400948",7,878,NA
1441,"APCL15_403889",7.6,1139,NA
1442,"APCL15_404545",7.2,1138,NA
1443,"APCL15_404653",9.3,2024,NA
1445,"APCL15_403881",7.6,1143,NA
1446,"APCL15_403391",8.3,827,NA
1447,"APCL15_407622",11.4,2025,NA
1449,"APCL15_403777",9.3,1134,NA
1451,"APCL15_404371",11.9,2026,NA
1452,"APCL15_022",4.5,2027,NA
1453,"APCL15_402874",9.2,2028,NA
1454,"APCL15_404845",7.8,2029,NA
1455,"APCL15_023",5.7,2030,NA
1457,"APCL15_406164",8.6,1133,NA
1458,"APCL15_403102",8.8,NA,NA
1459,"APCL15_403393",7.7,1105,NA
1460,"APCL15_024",4.1,2031,NA
1461,"APCL15_404146",6.7,1079,NA
1462,"APCL15_404064",7.7,2032,NA
1464,"APCL15_401458",6.3,1126,NA
1465,"APCL15_399705",8.3,2033,NA
1466,"APCL15_025",4.6,2034,NA
1467,"APCL15_406317",8.3,1130,NA
1468,"APCL15_353379",6.1,2035,NA
1470,"APCL15_404287",9.2,2036,NA
1472,"APCL15_399551",8.7,1131,NA
1473,"APCL15_403215",9.2,2037,NA
1475,"APCL15_404313",9.2,2038,890
1477,"APCL15_403913",7.9,2040,NA
1478,"APCL15_407401",8.5,2039,NA
1479,"APCL15_407670",8.8,2041,NA
1480,"APCL15_402724",8.8,1141,NA
1481,"APCL15_026",4.4,2042,NA
1485,"APCL15_375047",8.3,2043,NA
1486,"APCL15_027",4.4,2044,NA
1487,"APCL15_374339",9.6,890,NA
1488,"APCL15_373511",7.9,2045,NA
1489,"APCL15_374610",8.3,1082,NA
1490,"APCL15_373624",8.6,2046,NA
1491,"APCL15_374493",6.8,2047,NA
1492,"APCL15_028",4.9,897,NA
1494,"APCL15_029",3.5,2048,NA
1495,"APCL15_030",4,665,NA
1496,"APCL15_400205",8.4,1064,NA
1497,"APCL15_405807",9.4,2049,NA
1498,"APCL15_406535",6.5,2050,NA
1499,"APCL15_032",3.7,1063,NA
1502,"APCL15_400408",8.1,899,NA
1503,"APCL15_033",5.6,2031,NA
1504,"APCL15_375659",7.2,1144,NA
1505,"APCL15_375999",8.3,NA,NA
1506,"APCL15_034",4.1,2052,NA
1507,"APCL15_035",4,NA,NA
1508,"APCL15_401342",7.2,NA,NA
1509,"APCL15_407223",6.7,1051,NA
1510,"APCL15_036",4.9,650,NA
1511,"APCL15_037",3.9,2053,NA
1512,"APCL15_402770",8.8,2054,NA
1514,"APCL15_038",4.1,2055,NA
1515,"APCL15_039",3.8,2056,NA
1516,"APCL15_040",4.7,2057,NA
1518,"APCL15_041",4.4,2058,NA
1519,"APCL15_399571",7.3,1098,NA
1522,"APCL15_399642",7.3,1090,337
1524,"APCL15_404585",8.1,2060,NA
1525,"APCL15_404420",7,2059,NA
1529,"APCL15_043",4.3,1122,NA
1530,"APCL15_403892",8.1,1121,NA
1531,"APCL15_044",4.3,2061,NA
1533,"APCL15_045",5,1119,NA
1534,"APCL15_046",4.4,2062,NA
1535,"APCL15_047",4,1051,NA
1536,"APCL15_401241",6.6,2063,NA
1537,"APCL15_402618",7.2,1034,NA
1538,"APCL15_401710",7.5,148,NA
1539,"APCL15_048",5.2,1037,NA
1540,"APCL15_403079",7.9,2064,NA
1541,"APCL15_049",3.5,1040,NA
1542,"APCL15_050",3.9,2065,NA
1545,"APCL15_051",3.5,2066,NA
1547,"APCL15_400642",7.3,2067,1055
1548,"APCL15_405712",8.7,585,NA
1549,"APCL15_405332",6.4,2068,NA
1550,"APCL15_053",4.7,2069,NA
1551,"APCL15_403943",9.4,2070,NA
1552,"APCL15_405876",8.4,2071,NA
1553,"APCL15_405124",7.6,2072,NA
1554,"APCL15_406734",8.4,1043,NA
1555,"APCL15_402586",7.9,1045,NA
1556,"APCL15_402499",8.6,1047,NA
1557,"APCL15_353383",6.3,2073,NA
1560,"APCL15_403713",8.8,2075,NA
1561,"APCL15_054",3.9,2074,NA
1563,"APCL15_399744",7,2076,NA
1564,"APCL15_055",3.8,1049,NA
1565,"APCL15_400524",7.4,1101,NA
1566,"APCL15_057",5.2,2077,NA
1567,"APCL15_405915",8.2,2078,NA
1568,"APCL15_402244",7.9,2079,NA
1569,"APCL15_407118",8.7,2080,NA
1570,"APCL15_405807",9,2081,NA
1572,"APCL15_407451",6.1,2082,NA
1573,"APCL15_406231",6.7,2083,NA
1574,"APCL15_058",4.3,2084,NA
1575,"APCL15_352991",9.9,2085,NA
1576,"APCL15_403055",9.5,2086,NA
1577,"APCL15_060",4.8,2087,NA
1578,"APCL15_403319",7.6,1092,NA
1580,"APCL15_403370",6.8,2088,NA
1581,"APCL15_404510",8.7,2089,NA
1582,"APCL15_402980",7.8,1313,NA
1583,"APCL15_401884",8.2,1272,NA
1584,"APCL15_062",5.8,1273,NA
1585,"APCL15_402486",8.5,2090,NA
1586,"APCL15_403736",8.2,2091,NA
1588,"APCL15_405746",8.4,1289,NA
1589,"APCL15_407280",6.2,2092,NA
1590,"APCL15_372624",8,2093,NA
1591,"APCL15_063",4.7,2094,NA
1593,"APCL15_355444",8.6,1316,NA
1594,"APCL15_356492",8,NA,NA
1595,"APCL15_354420",7.4,1357,NA
1596,"APCL15_356529",6.8,2095,NA
1597,"APCL15_371638",8.3,2096,NA
1598,"APCL15_356001",7.7,2097,NA
1599,"APCL15_355054",8.1,2098,NA
1600,"APCL15_354270",7.7,2099,NA
1601,"APCL15_065",5.8,2100,NA
1602,"APCL15_355486",9,NA,NA
1604,"APCL15_356440",8,2101,NA
1605,"APCL15_066",4.1,2103,NA
1606,"APCL15_364196",8.6,2102,1319
1607,"APCL15_362409",6.8,2104,NA
1608,"APCL15_067",4.6,2105,NA
1609,"APCL15_369712",8.5,1324,NA
1610,"APCL15_356778",8.1,1341,NA
1611,"APCL15_355473",7.7,2106,NA
1612,"APCL15_068",4.6,2107,NA
1613,"APCL15_069",5.7,2108,NA
1614,"APCL15_373231",8.8,2109,NA
1615,"APCL15_372651",6,2110,NA
1616,"APCL15_363819",6.4,1298,NA
1617,"APCL15_354741",8.8,2111,NA
1618,"APCL15_355518",9.3,1347,NA
1619,"APCL15_354587",7.9,NA,NA
1620,"APCL15_370033",9.7,2112,NA
1621,"APCL15_071",5.2,505,NA
1622,"APCL15_354107",8.9,2113,NA
1624,"APCL15_371132",8.6,511,NA
1625,"APCL15_372981",9.1,1372,NA
1626,"APCL15_354327",8.6,2114,NA
1627,"APCL15_372487",8.8,2115,NA
1628,"APCL15_354641",6.7,2116,NA
1629,"APCL15_372081",8,2117,NA
1630,"APCL15_369437",8.5,2118,NA
1631,"APCL15_072",4.4,2120,NA
1632,"APCL15_355605",7,2119,NA
1633,"APCL15_355704",8.6,NA,NA
1634,"APCL15_073",5.8,682,NA
1635,"APCL15_363411",6.8,2121,NA
1636,"APCL15_074",4.4,2122,NA
1637,"APCL15_354092",7.2,1350,NA
1638,"APCL15_075",5.1,2123,NA
1640,"APCL15_076",4.4,1379,NA
1641,"APCL15_354642",8.6,1381,NA
1642,"APCL15_370326",7.6,691,NA
1643,"APCL15_356353",9.1,929,NA
1644,"APCL15_369767",10,692,NA
1645,"APCL15_401739",9,930,NA
1646,"APCL15_354513",7.8,2124,NA
1649,"APCL15_086",4.5,2125,NA
1650,"APCL15_373086",8.1,873,NA
1651,"APCL15_089",4.4,389,NA
1652,"APCL15_090",5.6,906,NA
1653,"APCL15_356339",8.3,871,NA
1655,"APCL15_369558",10.2,904,NA
1656,"APCL15_091",4.5,2126,NA
1657,"APCL15_092",5.4,849,NA
1658,"APCL15_093",5.5,2127,872
1659,"APCL15_095",4.2,905,NA
1660,"APCL15_372325",9.4,850,NA
1663,"APCL15_098",4.3,1305,NA
1664,"APCL15_403314",8.5,1307,NA
1665,"APCL15_099",4.4,2128,NA
1666,"APCL15_355180",9.9,698,NA
1667,"APCL15_372405",10.8,697,NA
1668,"APCL15_355715",9.7,1269,NA
1669,"APCL15_353987",6.9,1306,NA
1670,"APCL15_368386",8.5,1304,NA
1671,"APCL15_104",5.2,703,NA
1673,"APCL15_355246",9.4,701,NA
1674,"APCL15_371766",9.6,702,NA
1675,"APCL15_105",5.8,1270,NA
1676,"APCL15_369615",6.9,1271,NA
1678,"APCL15_355891",9.3,711,NA
1682,"APCL15_371140",8.9,709,NA
1684,"APCL15_369699",7,1309,NA
1685,"APCL15_355603",9.2,NA,NA
1686,"APCL15_096",4.8,2129,NA
1687,"APCL15_097",5.3,2130,NA
1689,"APCL15_106",4.5,2131,926
1690,"APCL15_107",4.6,927,NA
1692,"APCL15_108",4.9,902,NA
1693,"APCL15_109",5,903,NA
1695,"APCL15_110",4.1,2132,NA
1696,"APCL15_111",4.1,379,NA
1698,"APCL15_112",4,380,NA
1699,"APCL15_113",4.4,928,NA
1700,"APCL15_355123",9.5,451,NA
1701,"APCL15_371672",10.7,452,NA
1703,"APCL15_404299",11.6,2134,NA
1704,"APCL15_368924",10.9,2135,NA
1705,"APCL15_116",5.3,2136,NA
1706,"APCL15_370997",11,NA,NA
1707,"APCL15_356769",9.7,2137,NA
1708,"APCL15_117",4.7,2138,NA
1709,"APCL15_356422",8.4,1229,NA
1714,"APCL15_119",4.7,2139,NA
1716,"APCL15_362514",9.1,447,NA
1717,"APCL15_371425",7.5,446,NA
1718,"APCL15_364988",6.9,445,NA
1719,"APCL15_370180",8.4,1204,NA
1720,"APCL15_120",4.1,2140,NA
1721,"APCL15_355903",7.3,2141,NA
1723,"APCL15_122",4.6,2142,NA
1724,"APCL15_355735",6.5,2143,NA
1725,"APCL15_354358",7.5,1230,NA
1726,"APCL15_123",5.2,2144,NA
1727,"ACPL15_400899",11.1,759,NA
1729,"APCL15_407297",10.6,1399,NA
1730,"APCL15_406357",10.8,394,NA
1731,"APCL15_405308",9.2,757,NA
1732,"APCL15_404131",10.1,2145,NA
1733,"APCL15_405034",9.4,793,NA
1734,"APCL15_404021",10.7,755,NA
1735,"APCL15_125",4.2,2146,NA
1736,"APCL15_403157",11.9,395,NA
1737,"APCL15_126",12.1,756,NA
1740,"APCL15_128",4,2147,NA
1742,"APCL15_406453",6.4,805,NA
1743,"APCL15_130",5.2,2148,NA
1746,"APCL15_402726",8.2,2149,NA
1748,"APCL15_403622",8.7,2150,NA
1749,"APCL15_403072",9.1,2151,NA
1750,"APCL15_404635",9.1,2152,NA
1751,"APCL15_404090",9.6,2153,NA
1752,"APCL15_404319",9.7,2154,NA
1753,"APCL15_406498",7.9,2155,NA
1754,"APCL15_403388",9.5,802,NA
1755,"APCL15_132",5.5,2156,NA
1757,"APCL15_402854",6.2,782,NA
1759,"APCL15_135",5.6,803,NA
1760,"APCL15_403710",9.5,2157,NA
1762,"APCL15_402307",8,737,NA
1763,"APCL15_405336",9.6,468,NA
1766,"APCL15_403468",8,2158,NA
1767,"APCL15_401889",8.9,464,NA
1769,"APCL15_405015",7,2161,NA
1770,"APCL15_404140",8,2160,NA
1771,"APCL15_404548",9.2,807,NA
1772,"APCL15_372731",9,806,NA
1773,"APCL15_405033",7.7,1016,NA
1774,"APCL15_405042",7.5,830,NA
1775,"APCL15_403708",8.7,798,NA
1778,"APCL15_403045",9.7,808,NA
1780,"APCL15_405116",7.2,1154,NA
1781,"APCL15_368898",7.9,797,NA
1782,"APCL15_369143",9.8,809,NA
1783,"APCL15_354733",10,406,NA
1784,"APCL15_370174",9.6,1017,NA
1786,"APCL15_368572",8.8,794,NA
1787,"APCL15_354525",6.6,403,NA
1788,"APCL15_363882",9.6,402,NA
1789,"APCL15_372250",9.5,810,NA
1790,"APCL15_143",4.6,401,NA
1791,"APCL15_354481",8.8,832,NA
1792,"APCL15_355651",7.4,2159,NA
1793,"APCL15_145",4.6,814,NA
1794,"APCL15_351409",9.9,532,NA
1795,"APCL15_354123",7.8,2162,NA
1796,"APCL15_375244",10.2,762,NA
1799,"APCL15_354382",9.7,763,NA
1800,"APCL15_146",3.8,2163,NA
1801,"ACPL15_371560",6.1,766,NA
1803,"APCL15_147",5.8,1151,NA
1804,"APCL15_148",5.7,1019,NA
1805,"APCL15_149",5.8,533,NA
1806,"APCL15_372245",9.2,534,NA
1807,"APCL15_404670",10,769,NA
1808,"APCL15_371253",9.6,535,NA
1809,"APCL15_356406",9.1,537,NA
1810,"APCL15_354604",6.2,2164,NA
1812,"APCL15_355896",9.7,536,NA
1815,"APCL15_355260",9.8,1005,NA
1818,"APCL15_373292",9.3,1104,NA
1819,"APCL15_373116",9.5,2165,NA
1820,"APCL15_151",5,2167,NA
1821,"APCL15_371455",8,2166,NA
1822,"APCL15_355592",7.7,539,NA
1823,"APCL15_356182",7,853,NA
1824,"APCL15_371727",8.8,NA,NA
1825,"APCL15_362714",8.8,540,NA
1826,"APCL15_355550",6.4,2168,NA
1827,"APCL15_153",4.4,2169,NA
1828,"APCL15_355505",9.2,542,NA
1829,"APCL15_154",5.1,2170,NA
1830,"APCL15_155",4.8,2171,NA
1831,"APCL15_370000",10.1,550,NA
1832,"APCL15_369891",8.4,1025,NA
1833,"APCL15_373315",10.4,764,NA
1834,"APCL15_371825",10.7,552,NA
1837,"APCL15_355880",9.8,1009,NA
1838,"APCL15_355870",10.5,1192,NA
1839,"APCL15_369541",9.4,1153,NA
1840,"APCL15_372608",8.6,554,NA
1841,"APCL15_364277",9.4,559,NA
1842,"APCL15_372902",9.3,558,NA
1843,"APCL15_158",5.3,562,NA
1844,"APCL15_355734",8.8,775,NA
1846,"APCL15_368057",9.8,2172,NA
1847,"APCL15_404134",10,563,NA
1849,"APCL15_370604",9.3,1010,NA
1850,"APCL15_364065",8.8,574,NA
1851,"APCL15_368961",9.2,577,NA
1317,"APCL15_375761",9.7,776,NA
1318,"APCL15_376242",11.9,1338,NA
1319,"APCL15_371025",5.4,1285,NA
1320,"APCL15_370980",6.7,801,NA
1321,"APCL15_374058",9.1,1284,NA
1322,"APCL15_374500",7.9,1287,NA
1325,"APCL15_375827",5.6,1288,NA
1328,"APCL15_376041",8.1,132,NA
1342,"APCL15_374004",7.4,1028,NA
1352,"APCL15_374151",9.2,2006,NA
1358,"APCL15_370891",5.8,257,NA
1366,"APCL15_371294",9.9,730,NA
1370,"APCL15_372956",9.5,2009,NA
1375,"APCL15_372286",8.9,2010,NA
1378,"APCL15_374351",6.8,949,NA
1380,"APCL15_372491",10.6,2012,NA
1381,"APCL15_373627",6.8,2013,484
1382,"APCL15_374990",9.2,2014,NA
1384,"APCL15_374268",9.2,479,NA
1385,"APCL15_373608",6.4,478,NA
1389,"APCL15_002",4.8,2015,NA
1391,"APCL15_407553",7.7,958,NA
1394,"APCL15_403062",9.1,435,NA
1395,"APCL15_400919",9.6,938,NA
1399,"APCL15_405068",6,2017,NA
1404,"APCL15_007",3.5,913,NA
1405,"APCL15_009",5.7,912,NA
1406,"APCL15_405452",7.3,428,NA
1408,"APCL15_403994",9.4,425,NA
1409,"APCL15_403855",6.3,427,NA
1410,"APCL15_406738",7,363,NA
1411,"APCL15_013",4.4,426,NA
1415,"APCL15_402189",10.3,419,NA
1417,"APCL15_405940",10.2,876,NA
1418,"APCL15_402306",9.6,2019,NA
1419,"APCL15_015",5.4,909,NA
1426,"APCL15_016",4.9,414,NA
1427,"APCL15_399786",8.2,2021,884
1429,"APCL15_018",4.5,2022,NA
1432,"APCL15_403866",9.4,919,NA
1434,"APCL15_402768",8.5,921,NA
1435,"APCL15_400235",7.2,881,NA
1441,"APCL15_403655",6.5,1139,NA
1443,"APCL15_407646",10.2,2024,NA
1447,"APCL15_407195",10.3,2025,NA
1449,"APCL15_406108",8.4,1134,NA
1451,"APCL15_402510",10.2,2026,NA
1458,"APCL15_405360",9.9,NA,NA
1459,"APCL15_399614",9,1105,NA
1465,"APCL15_405904",9.4,2033,NA
1467,"APCL15_402971",6.2,1130,NA
1470,"APCL15_407105",8.2,2036,NA
1472,"APCL15_406954",8.8,1131,NA
1488,"APCL15_373816",6.8,2045,NA
1489,"APCL15_375271",8.5,1082,NA
1496,"APCL15_405197",9.1,1064,NA
1497,"APCL15_403740",8.6,2049,NA
1498,"APCL15_031",5.5,2050,NA
1499,"APCL15_402943",8.8,1063,NA
1502,"APCL15_376036",9,899,NA
1519,"APCL15_405921",7.4,1098,NA
1525,"APCL15_042",3.5,2059,NA
1540,"APCL15_401929",9.3,2064,NA
1547,"APCL15_052",4.1,2067,1055
1548,"APCL15_403664",9.1,585,NA
1550,"APCL15_402454",8.5,2069,NA
1552,"APCL15_406629",9,2071,NA
1556,"APCL15_407431",7.4,1047,NA
1560,"APCL15_402123",8.9,2075,NA
1565,"APCL15_056",5.6,1101,NA
1570,"APCL15_406887",8.1,2081,NA
1575,"APCL15_404127",8.7,2085,NA
1576,"APCL15_059",4.6,2086,NA
1578,"APCL15_061",4.4,1092,NA
1583,"APCL15_403649",8.8,1272,NA
1588,"APCL15_404229",8.3,1289,NA
1596,"APCL15_064",5.3,2095,NA
1600,"APCL15_353914",7.5,2099,NA
1606,"APCL15_355926",8.5,2102,1319
1607,"APCL15_370215",8.3,2104,NA
1613,"APCL15_070",11.4,2108,NA
1625,"APCL15_367983",9.3,1372,NA
1627,"APCL15_363708",8.6,2115,NA
1630,"APCL15_370062",8.4,2118,NA
1642,"APCL15_373232",8.7,691,NA
1643,"APCL15_373218",9.8,929,NA
1644,"APCL15_355693",9.9,692,NA
1645,"APCL15_369033",7.2,930,NA
1646,"APCL15_085",4.6,2124,NA
1650,"APCL15_087",5.6,873,NA
1653,"APCL15_354523",6.3,871,NA
1655,"APCL15_404452",8.5,904,NA
1657,"APCL15_355398",8.9,849,NA
1658,"APCL15_094",4.1,2127,872
1664,"APCL15_354247",9.2,1307,NA
1665,"APCL15_100",4.1,2128,NA
1666,"APCL15_370342",9.6,698,NA
1667,"APCL15_372611",10.5,697,NA
1668,"APCL15_362937",8.7,1269,NA
1670,"APCL15_103",5.1,1304,NA
1674,"APCL15_353835",7.3,702,NA
1676,"APCL15_368111",6,1271,NA
1678,"APCL15_372039",8.5,711,NA
1682,"APCL15_354281",8.3,709,NA
1700,"APCL15_364555",10.7,451,NA
1701,"APCL15_372190",10.3,452,NA
1703,"APCL15_370613",12.2,2134,NA
1704,"APCL15_372347",10.2,2135,NA
1705,"APCL15_355219",7.6,2136,NA
1707,"APCL15_363661",10.5,2137,NA
1708,"APCL15_118",3.8,2138,NA
1719,"APCL15_370599",8.1,1204,NA
1721,"APCL15_121",5,2141,NA
1725,"APCL15_406807",7.2,1230,NA
1730,"APCL15_404120",11,394,NA
1732,"APCL15_403170",8.4,2145,NA
1733,"APCL15_124",5.6,793,NA
1734,"APCL15_403812",11.3,755,NA
1736,"APCL15_402968",10,395,NA
1737,"APCL15_127",10.6,756,NA
1742,"APCL15_129",4.6,805,NA
1748,"APCL15_131",4.2,2150,NA
1749,"APCL15_403262",9.5,2151,NA
1750,"APCL15_405490",8.5,2152,NA
1751,"APCL15_404022",8.8,2153,NA
1752,"APCL15_402950",10.4,2154,NA
1753,"APCL15_403075",7.2,2155,NA
1754,"APCL15_404648",8.4,802,NA
1757,"APCL15_405582",7.3,782,NA
1762,"APCL15_136",5,737,NA
1771,"APCL15_402781",9.3,807,NA
1772,"APCL15_404792",9.5,806,NA
1773,"APCL15_137",5.1,1016,NA
1778,"APCL15_406841",9.5,808,NA
1781,"APCL15_138",4.3,797,NA
1782,"APCL15_356376",9.2,809,NA
1783,"APCL15_370592",9.1,406,NA
1784,"APCL15_370407",8.9,1017,NA
1786,"APCL15_372549",8.3,794,NA
1787,"APCL15_141",5.4,403,NA
1788,"APCL15_355853",9.1,402,NA
1789,"APCL15_356267",9.6,810,NA
1791,"APCL15_144",5.8,832,NA
1793,"APCL15_355523",7.7,814,NA
1794,"APCL15_354533",10,532,NA
1796,"APCL15_356398",10.1,762,NA
1801,"ACPL15_355265",11.4,766,NA
1806,"APCL15_356407",9,534,NA
1807,"APCL15_370554",10.5,769,NA
1808,"APCL15_356249",9.6,535,NA
1809,"APCL15_354185",9.5,537,NA
1812,"APCL15_370820",10.2,536,NA
1818,"APCL15_363747",8.8,1104,NA
1819,"APCL15_356515",9.3,2165,NA
1821,"APCL15_356535",7.6,2166,NA
1822,"APCL15_152",4.6,539,NA
1824,"APCL15_355908",9.7,NA,NA
1825,"APCL15_354408",8.7,540,NA
1826,"APCL15_362989",7,2168,NA
1831,"APCL15_354053",10,550,NA
1837,"APCL15_355571",10,1009,NA
1838,"APCL15_368862",9.3,1192,NA
1839,"APCL15_354885",7.1,1153,NA
1841,"APCL15_372461",9.4,559,NA
1842,"APCL15_371381",9.2,558,NA
1844,"APCL15_371833",6.9,775,NA
1846,"APCL15_355541",9.4,2172,NA
1847,"APCL15_355417",10.4,563,NA
1849,"APCL15_355443",9.8,1010,NA
1850,"APCL15_372099",8.3,574,NA
1317,"APCL15_373270",4.5,776,NA
1319,"APCL15_372291",9.4,1285,NA
1320,"APCL15_374017",9.6,801,NA
1325,"APCL15_375881",8.7,1288,NA
1328,"APCL15_374441",8.3,132,NA
1350,"APCL15_371354",7.9,1033,NA
1366,"APCL15_370907",5.9,730,NA
1383,"APCL15_373033",6.9,480,NA
1387,"APCL15_375642",5.8,1029,NA
1399,"APCL15_005",4.2,2017,NA
1404,"APCL15_008",4.7,913,NA
1423,"APCL15_404829",11.7,417,NA
1427,"APCL15_403566",6.6,2021,884
1435,"APCL15_019",4.2,881,NA
1451,"APCL15_021",4.1,2026,NA
1458,"APCL15_407055",7.6,NA,NA
1570,"APCL15_407572",8.7,2081,NA
1575,"APCL15_407589",7.8,2085,NA
1588,"APCL15_403716",7.3,1289,NA
1630,"APCL15_369053",9.2,2118,NA
1642,"APCL15_369281",8,691,NA
1643,"APCL15_372316",6.3,929,NA
1645,"APCL15_370157",7.1,930,NA
1666,"APCL15_101",5.8,698,NA
1668,"APCL15_102",4.4,1269,NA
1674,"APCL15_368773",6.1,702,NA
1702,"APCL15_368417",11.6,2133,NA
1704,"APCL15_115",4.8,2135,NA
1716,"APCL15_369857",8.8,447,NA
1730,"APCL15_403352",9.5,394,NA
1757,"APCL15_133",5.6,782,NA
1766,"APCL15_403603",9.6,2158,NA
1784,"APCL15_139",5.8,1017,NA
1787,"APCL15_142",4.7,403,NA
1801,"ACPL15_355045",10,766,NA
1807,"APCL15_150",5,769,NA
1837,"APCL15_156",4.1,1009,NA
1839,"APCL15_157",4.3,1153,NA
1844,"APCL15_159",5.3,775,NA
1319,"APCL15_371404",10.1,1285,NA
1320,"APCL15_371477",11.2,801,NA
1325,"APCL15_370851",7.9,1288,NA
1334,"APCL15_373375",10.3,2002,NA
1350,"APCL15_375493",8.8,1033,NA
1411,"APCL15_407137",8.4,426,NA
1423,"APCL15_404060",10.4,417,NA
1642,"APCL15_356312",9.2,691,NA
1643,"APCL15_079",4.4,929,NA
1645,"APCL15_368338",10,930,NA
1702,"APCL15_355666",10.5,2133,NA
1748,"APCL15_404993",8.9,2150,NA
1757,"APCL15_134",4.1,782,NA
1784,"APCL15_140",4.5,1017,NA
1801,"ACPL15_372649",8.4,766,NA
1837,"APCL15_354219",6.3,1009,NA
1642,"APCL15_077",4,691,NA
1643,"APCL15_373186",7.8,929,NA
1645,"APCL15_080",5.9,930,NA
1702,"APCL15_114",4.5,2133,NA
1642,"APCL15_078",5.1,691,NA
1645,"APCL15_368852",7.8,930,NA
1645,"APCL15_364882",7.7,930,NA
1645,"APCL15_354944",6.7,930,NA
1645,"APCL15_355618",7.3,930,NA
1645,"APCL15_372788",7,930,NA
1645,"APCL15_081",5.7,930,NA
1645,"APCL15_082",5.5,930,NA
1645,"APCL15_083",4.7,930,NA
1645,"APCL15_084",4.1,930,NA
1862,"APCL14_001",7.1,375,NA
1865,"APCL14_004",10,376,NA
1866,"APCL14_006",8.8,284,NA
1867,"APCL14_008",9.7,377,NA
1868,"APCL14_010",3.9,378,NA
1870,"APCL14_011",7.9,379,NA
1872,"APCL14_012",4.6,22,NA
1874,"APCL14_014",9,381,NA
1875,"APCL14_015",9.5,14,NA
1880,"APCL14_019",3.5,383,NA
1883,"APCL14_020",4.5,384,NA
1886,"APCL14_021",6.25,385,NA
1888,"APCL14_022",6.8,386,NA
1895,"APCL14_024",4.8,387,187
1898,"APCL14_025",4.7,388,NA
1899,"APCL14_026",4.8,389,NA
1903,"APCL14_027",3.7,390,NA
1904,"APCL14_028",4.1,NA,NA
1906,"APCL14_030",3.5,392,NA
1912,"APCL14_031",4,393,83
1913,"APCL14_032",9.6,394,NA
1916,"APCL14_033",10.1,395,76
1923,"APCL14_037",5.1,398,NA
1924,"APCL14_038",5.3,399,NA
1925,"APCL14_040",8.8,400,NA
1926,"APCL14_041",7.4,401,NA
1929,"APCL14_042",8.8,402,NA
1930,"APCL14_044",6.5,403,NA
1931,"APCL14_045",4.9,404,NA
1933,"APCL14_047",6.7,405,NA
1934,"APCL14_049",8.8,406,NA
1937,"APCL14_051",4.2,407,NA
1939,"APCL14_052",8.8,408,NA
1941,"APCL14_560",7.8,409,NA
1942,"APCL14_056",5.5,410,NA
1944,"APCL14_057",6.7,NA,NA
1948,"APCL14_060",8.5,411,NA
1951,"APCL14_062",7.8,412,NA
1956,"APCL14_064",4.8,413,NA
1960,"APCL14_065",6.3,414,NA
1962,"APCL14_067",6,415,NA
1963,"APCL14_068",10.6,417,NA
1966,"APCL14_069",3.8,416,NA
1967,"APCL14_070",9.3,418,NA
1969,"APCL14_072",10.5,419,NA
1972,"APCL14_073",10.1,420,NA
1974,"APCL14_075",6.3,421,NA
1976,"APCL14_077",5.2,422,NA
1980,"APCL14_080",4.9,424,NA
1982,"APCL14_078",9,423,NA
1983,"APCL14_082",9.2,425,NA
1984,"APCL14_085",6,426,NA
1985,"APCL14_088",8.9,427,NA
1989,"APCL14_092",4.8,429,NA
1995,"APCL14_095",7.5,430,279
1996,"APCL14_099",5.5,431,NA
1998,"APCL14_101",5,432,NA
1999,"APCL14_103",5.8,433,NA
2002,"APCL14_105",5.8,434,110
2003,"APCL14_107",5,435,NA
2006,"APCL14_109",4.7,436,109
2013,"APCL14_110",7.9,437,NA
2017,"APCL14_111",7.7,438,NA
2021,"APCL14_114",5.6,439,NA
2024,"APCL14_115",8.4,440,NA
2028,"APCL14_117",9,441,NA
2031,"APCL14_118",6.6,442,NA
2032,"APCL14_119",5.9,443,NA
2036,"APCL14_120",8.7,444,NA
2039,"APCL14_121",8.5,445,NA
2040,"APCL14_122",4.2,446,NA
2043,"APCL14_123",7.2,447,NA
2046,"APCL14_124",8,448,NA
2047,"APCL14_125",8.8,449,NA
2049,"APCL14_126",8.1,450,NA
2052,"APCL14_128",10.2,451,73
2053,"APCL14_130",6.3,452,NA
2059,"APCL14_132",5.8,453,79
2065,"APCL14_133",5.2,455,NA
2066,"APCL14_134",4.5,456,NA
2067,"APCL14_135",8.3,457,NA
2072,"APCL14_138",5.3,458,NA
2076,"APCL14_140",7.8,457,NA
2080,"APCL14_142",6.2,459,NA
2082,"APCL14_143",4.1,460,NA
2083,"APCL14_144",3.7,461,NA
2089,"APCL14_145",4.8,462,NA
2092,"APCL14_146",8,463,NA
2093,"APCL14_148",7,464,NA
2095,"APCL14_149",6.8,465,NA
2101,"APCL14_152",4.3,467,NA
2102,"APCL14_150",6.3,466,NA
2106,"APCL14_153",8.4,468,NA
2120,"APCL14_154",5.7,476,NA
2122,"APCL14_155",5.2,477,NA
2125,"APCL14_156",4.5,478,NA
2129,"APCL14_157",8.9,479,NA
2130,"APCL14_160",5,480,NA
2133,"APCL14_162",5.2,481,NA
2136,"APCL14_165",9.6,482,262
2137,"APCL14_167",4.4,483,NA
2139,"APCL14_168",7.8,484,NA
2145,"APCL14_169",9.7,485,NA
2147,"APCL14_171",9.9,486,NA
2148,"APCL14_174",3.2,487,NA
2149,"APCL14_176",10.1,488,NA
2150,"APCL14_177",6.4,489,NA
2152,"APCL14_178",7.8,490,NA
2153,"APCL14_180",9.2,491,NA
2154,"APCL14_182",5.5,492,NA
2158,"APCL14_184",9.2,493,NA
2159,"APCL14_185",4.8,494,NA
2160,"APCL14_186",5.5,495,NA
2161,"APCL14_187",4.4,496,NA
2163,"APCL14_188",4,497,NA
2168,"APCL14_189",3.7,498,264
2171,"APCL14_190",3.7,499,NA
2173,"APCL14_192",5.7,500,121
2176,"APCL14_193",5.6,526,NA
2179,"APCL14_195",5.4,527,NA
2181,"APCL14_196",6,528,NA
2182,"APCL14_198",3.8,529,NA
2188,"APCL14_200",3.6,469,214
2191,"APCL14_202",9.2,470,NA
2193,"APCL14_203",9.6,217,NA
2194,"APCL14_205",4.4,471,NA
2201,"APCL14_206",4,472,NA
2208,"APCL14_208",5.2,473,NA
2210,"APCL14_209",4.4,474,NA
2212,"APCL14_210",3.7,475,NA
2216,"APCL14_211",8.8,501,NA
2217,"APCL14_213",4,502,NA
2229,"APCL14_214",3.8,503,NA
2230,"APCL14_215",4.4,504,NA
2233,"APCL14_216",4.6,505,NA
2234,"APCL14_217",4.4,506,NA
2235,"APCL14_218",4,507,NA
2236,"APCL14_219",4.5,508,NA
2238,"APCL14_221",7.5,NA,NA
2240,"APCL14_222",7.6,509,NA
2241,"APCL14_223",5.9,510,NA
2243,"APCL14_225",4.7,511,NA
2244,"APCL14_226",6.3,512,NA
2246,"APCL14_227",4.5,513,NA
2248,"APCL14_229",4.5,514,NA
2249,"APCL14_230",4.5,515,NA
2250,"APCL14_231",5.4,516,NA
2252,"APCL14_233",5.8,517,NA
2253,"APCL14_234",5,518,NA
2255,"APCL14_236",5.5,519,NA
2258,"APCL14_238",5.1,520,NA
2259,"APCL14_240",6,521,NA
2260,"APCL14_242",3.9,522,366
2263,"APCL14_243",9.8,523,NA
2265,"APCL14_244",8.1,NA,NA
2266,"APCL14_245",5.5,524,NA
2267,"APCL14_246",4.4,525,NA
2268,"APCL14_247",7,530,NA
2269,"APCL14_248",9.3,531,NA
2270,"APCL14_249",8.3,532,NA
2273,"APCL14_250",7.9,412,NA
2275,"APCL14_251",5.4,533,NA
2276,"APCL14_253",9.3,534,NA
2277,"APCL14_254",9.2,535,NA
2279,"APCL14_255",8.2,536,NA
2282,"APCL14_257",8.2,537,NA
2284,"APCL14_259",8.2,538,327
2285,"APCL14_261",9,539,NA
2286,"APCL14_263",9,540,NA
2287,"APCL14_264",6.8,541,NA
2288,"APCL14_265",9,542,NA
2292,"APCL14_267",7.6,543,NA
2294,"APCL14_269",5.1,544,NA
2295,"APCL14_270",5.4,545,NA
2296,"APCL14_272",7.7,546,NA
2298,"APCL14_274",8.2,547,NA
2299,"APCL14_276",9.1,548,NA
2300,"APCL14_277",5,549,NA
2301,"APCL14_278",9.4,550,NA
2302,"APCL14_281",7.3,551,NA
2304,"APCL14_282",9,552,NA
2306,"APCL14_284",6,554,NA
2307,"APCL14_285",8,555,NA
2310,"APCL14_286",7.8,556,NA
2311,"APCL14_288",8.9,557,NA
2313,"APCL14_290",9.1,558,NA
2314,"APCL14_292",7.5,559,NA
2315,"APCL14_294",4.3,560,NA
2316,"APCL14_295",4.6,561,NA
2319,"APCL14_296",4.9,562,NA
2320,"APCL14_299",9.3,563,NA
2321,"APCL14_300",5.5,564,NA
2322,"APCL14_302",4.5,565,NA
2326,"APCL14_303",4.5,566,NA
2327,"APCL14_304",3.6,567,NA
2328,"APCL14_307",4.8,568,NA
2329,"APCL14_308",6.3,569,NA
2330,"APCL14_309",8.3,570,NA
2331,"APCL14_310",4.5,571,NA
2332,"APCL14_311",4.3,572,NA
2333,"APCL14_312",5.8,573,NA
2334,"APCL14_313",6.5,574,NA
2336,"APCL14_315",8.4,575,NA
2337,"APCL14_317",7.1,553,NA
2339,"APCL14_318",8,576,NA
2341,"APCL14_320",4.9,577,NA
2342,"APCL14_322",8.2,578,NA
2347,"APCL14_350",8.4,579,NA
2348,"APCL14_351",4.9,580,NA
2349,"APCL14_352",8.3,581,NA
2355,"APCL14_354",4.5,582,NA
2359,"APCL14_356",7.4,583,NA
2361,"APCL14_357",9.4,584,NA
2364,"APCL14_359",10.1,585,NA
2368,"APCL14_360",8.4,232,NA
2369,"APCL14_361",4.7,586,NA
2371,"APCL14_362",4.6,235,NA
2374,"APCL14_364",5,587,NA
2376,"APCL14_365",4.2,588,NA
2378,"APCL14_366",3.6,589,NA
2379,"APCL14_367",3.6,590,NA
2380,"APCL14_368",3.9,591,NA
2381,"APCL14_369",7.5,592,NA
2382,"APCL14_371",8.5,593,NA
2384,"APCL14_373",6.3,594,NA
2387,"APCL14_375",5,247,NA
2389,"APCL14_376",5.3,595,NA
2391,"APCL14_377",8.2,596,NA
2392,"APCL14_378",4.1,597,NA
2394,"APCL14_380",4,598,NA
2396,"APCL14_379",9,599,NA
2403,"APCL14_382",4.4,600,NA
2405,"APCL14_383",6.2,601,NA
2407,"APCL14_384",8,602,NA
2408,"APCL14_385",4.5,603,NA
2415,"APCL14_386",4.7,NA,NA
2470,"APCL14_389",3.7,605,NA
2472,"APCL14_391",6.4,607,NA
2473,"APCL14_390",9.1,606,NA
2474,"APCL14_392",4,608,176
2475,"APCL14_394",4.4,609,NA
2476,"APCL14_395",4.5,610,NA
2477,"APCL14_396",4.1,611,NA
2479,"APCL14_397",4.3,612,NA
2481,"APCL14_398",8.1,613,NA
2482,"APCL14_399",5.5,614,NA
2483,"APCL14_401",5.8,615,NA
2485,"APCL14_402",5,617,NA
2486,"APCL14_404",5.6,618,NA
2487,"APCL14_405",4.2,619,NA
2488,"APCL14_406",4.2,620,NA
2489,"APCL14_407",4.3,621,NA
2490,"APCL14_408",4.2,622,NA
2492,"APCL14_410",5,623,NA
2493,"APCL14_412",5.3,624,NA
2494,"APCL14_413",7.2,625,NA
2495,"APCL14_417",4.9,627,NA
2496,"APCL14_415",10.7,626,NA
2497,"APCL14_419",5.4,628,NA
2505,"APCL14_324",5.3,629,NA
2514,"APCL14_325",4.5,630,NA
2515,"APCL14_326",7.9,631,NA
2518,"APCL14_327",5.2,632,NA
2519,"APCL14_328",4.1,634,NA
2520,"APCL14_329",4.4,635,NA
2525,"APCL14_330",8.8,633,NA
2526,"APCL14_331",4.9,636,NA
2527,"APCL14_333",8,NA,NA
2528,"APCL14_334",8.9,637,NA
2531,"APCL14_336",4.6,638,NA
2532,"APCL14_337",4.8,639,NA
2533,"APCL14_338",4.6,640,NA
2535,"APCL14_339",3.8,641,NA
2536,"APCL14_340",3.7,642,NA
2540,"APCL14_345",4.9,164,NA
2541,"APCL14_341",4.3,643,NA
2542,"APCL14_342",4.5,182,NA
2543,"APCL14_343",4.5,644,NA
2544,"APCL14_344",5.3,645,NA
2547,"APCL14_346",5.1,646,NA
2548,"APCL14_348",5.1,647,NA
2550,"APCL14_349",4.1,648,NA
2551,"APCL14_421",4.3,649,NA
2552,"APCL14_422",4.3,650,NA
2553,"APCL14_423",5.5,651,NA
2554,"APCL14_424",5.2,652,NA
2555,"APCL14_425",5.2,653,NA
2557,"APCL14_426",5.1,654,NA
2558,"APCL14_428",4.4,656,NA
2559,"APCL14_430",4,658,NA
2560,"APCL14_429",4.8,657,NA
2561,"APCL14_431",4.3,659,NA
2562,"APCL14_433",7.6,660,NA
2563,"APCL14_435",4.4,661,NA
2564,"APCL14_436",5,662,NA
2565,"APCL14_438",9.1,663,NA
2567,"APCL14_439",4.8,664,NA
2569,"APCL14_440",4.8,665,NA
2570,"APCL14_441",3.8,666,NA
2574,"APCL14_442",5,667,NA
2576,"APCL14_443",4,625,NA
2577,"APCL14_444",4.3,668,NA
2579,"APCL14_445",4.2,669,NA
2580,"APCL14_446",4.1,670,NA
2581,"APCL14_447",5.3,671,NA
2583,"APCL14_448",9.2,672,NA
2588,"APCL14_449",4.5,673,NA
2590,"APCL14_451",9.3,607,NA
2591,"APCL14_489",4.3,674,NA
2595,"APCL14_490",5.8,675,NA
2599,"APCL14_452",7.7,676,NA
2601,"APCL14_453",4.7,677,NA
2603,"APCL14_454",5.1,678,NA
2605,"APCL14_455",4.6,679,NA
2612,"APCL14_456",8.1,NA,NA
2615,"APCL14_457",8,680,NA
2617,"APCL14_458",6.8,NA,NA
2622,"APCL14_459",6.3,681,NA
2624,"APCL14_460",5.3,682,NA
2628,"APCL14_461",4.1,683,NA
2630,"APCL14_462",4.7,684,NA
2631,"APCL14_463",5.7,685,NA
2636,"APCL14_464",6.4,688,NA
2637,"APCL14_465",4.1,689,NA
2641,"APCL14_466",5.6,NA,NA
2647,"APCL14_467",6.1,198,NA
2648,"APCL14_471",6.4,200,NA
2649,"APCL14_469",8.5,690,NA
2650,"APCL14_472",8.4,691,NA
2653,"APCL14_480",10.7,692,NA
2654,"APCL14_483",10.5,693,NA
2670,"APCL14_491",8.2,NA,NA
2671,"APCL14_492",9.8,694,NA
2676,"APCL14_493",8,695,NA
2678,"APCL14_495",4.8,696,NA
2679,"APCL14_496",9.1,697,NA
2681,"APCL14_498",9.3,698,NA
2683,"APCL14_499",9.9,699,NA
2684,"APCL14_502",3.6,700,NA
2687,"APCL14_503",4.8,701,NA
2689,"APCL14_504",7.6,702,NA
2696,"APCL14_508",3.6,703,NA
2697,"APCL14_509",3.9,NA,NA
2702,"APCL14_510",4.4,705,NA
2703,"APCL14_512",6.9,706,37
2704,"APCL14_513",4.6,707,NA
2706,"APCL14_514",4.1,708,NA
2708,"APCL14_515",8.2,709,NA
2709,"APCL14_517",4.2,710,NA
2713,"APCL14_518",9.7,711,NA
2720,"APCL14_520",7.3,712,NA
2721,"APCL14_523",9.6,713,NA
2723,"APCL14_525",9.2,714,NA
2726,"APCL14_527",4.2,715,NA
2727,"APCL14_528",9,NA,NA
2730,"APCL14_531",4.2,717,NA
2731,"APCL14_529",7.1,716,NA
2737,"APCL14_532",3.8,718,31
2738,"APCL14_533",7.3,719,NA
2744,"APCL14_534",4.1,720,NA
2746,"APCL14_535",4.5,721,NA
2748,"APCL14_536",4.5,722,NA
2749,"APCL14_537",5.2,723,NA
2750,"APCL14_538",7.5,34,NA
2753,"APCL14_539",7.1,724,NA
2759,"APCL14_541",5,208,NA
2760,"APCL14_542",4.4,206,NA
2762,"APCL14_543",8.9,725,NA
2765,"APCL14_545",8.4,726,NA
2766,"APCL14_547",5.2,129,NA
2768,"APCL14_548",7.4,727,NA
2769,"APCL14_549",8.3,728,NA
2773,"APCL14_551",8.1,729,NA
2774,"APCL14_552",4,730,NA
2775,"APCL14_554",5.8,731,NA
2776,"APCL14_556",6.2,732,NA
2777,"APCL14_557",7.2,733,NA
2778,"APCL14_558",4.7,734,NA
2780,"APCL14_559",7.2,132,NA
1862,"APCL14_002",4.4,375,NA
1865,"APCL14_005",11,376,NA
1866,"APCL14_007",10.2,284,NA
1867,"APCL14_009",8.1,377,NA
1873,"APCL14_013",3.7,380,NA
1875,"APCL14_016",3.6,14,NA
1876,"APCL14_018",4,382,NA
1888,"APCL14_023",8.5,386,NA
1916,"APCL14_034",7.2,395,76
1924,"APCL14_039",3.6,399,NA
1929,"APCL14_043",7.3,402,NA
1931,"APCL14_046",5.6,404,NA
1933,"APCL14_048",4.1,405,NA
1934,"APCL14_050",9.5,406,NA
1939,"APCL14_053",7.8,408,NA
1941,"APCL14_055",7.8,409,NA
1944,"APCL14_058",4.3,NA,NA
1948,"APCL14_061",4.4,411,NA
1951,"APCL14_063",4.4,412,NA
1960,"APCL14_066",3.5,414,NA
1967,"APCL14_071",4.5,418,NA
1972,"APCL14_074",4.1,420,NA
1974,"APCL14_076",4,421,NA
1982,"APCL14_079",3.5,423,NA
1983,"APCL14_083",9,425,NA
1984,"APCL14_086",4,426,NA
1985,"APCL14_089",5.2,427,NA
1989,"APCL14_093",4.4,429,NA
1995,"APCL14_097",10.1,430,279
2017,"APCL14_112",7,438,NA
2024,"APCL14_116",3.5,440,NA
2049,"APCL14_127",4.2,450,NA
2052,"APCL14_129",4.9,451,73
2066,"APCL14_141",6,456,NA
2072,"APCL14_139",4.8,458,NA
2092,"APCL14_147",8.3,463,NA
2102,"APCL14_151",4.8,466,NA
2129,"APCL14_158",7.8,479,NA
2130,"APCL14_161",4.2,480,NA
2133,"APCL14_163",8.4,481,NA
2136,"APCL14_166",5.2,482,262
2145,"APCL14_170",10.2,485,NA
2147,"APCL14_172",9.9,486,NA
2148,"APCL14_175",11.2,487,NA
2152,"APCL14_179",5.6,490,NA
2153,"APCL14_181",10.1,491,NA
2154,"APCL14_183",4.7,492,NA
2171,"APCL14_191",4.5,499,NA
2176,"APCL14_194",4.7,526,NA
2181,"APCL14_197",6,528,NA
2188,"APCL14_201",8.6,469,214
2193,"APCL14_204",10.2,217,NA
2201,"APCL14_207",5.6,472,NA
2216,"APCL14_212",4.3,501,NA
2236,"APCL14_220",5.7,508,NA
2241,"APCL14_224",5.1,510,NA
2246,"APCL14_228",5.6,513,NA
2249,"APCL14_232",4.6,515,NA
2253,"APCL14_235",6.7,518,NA
2255,"APCL14_237",4.4,519,NA
2258,"APCL14_239",6.4,520,NA
2259,"APCL14_241",5.5,521,NA
2275,"APCL14_252",7,533,NA
2279,"APCL14_256",9.3,536,NA
2284,"APCL14_260",4.3,538,327
2285,"APCL14_262",6.8,539,NA
2288,"APCL14_266",7.5,542,NA
2292,"APCL14_268",8.3,543,NA
2295,"APCL14_271",4.3,545,NA
2296,"APCL14_273",7.5,546,NA
2298,"APCL14_275",8.7,547,NA
2301,"APCL14_279",9.5,550,NA
2302,"APCL14_280",7.8,551,NA
2304,"APCL14_283",8.9,552,NA
2310,"APCL14_287",9.2,556,NA
2311,"APCL14_289",9.5,557,NA
2313,"APCL14_291",9,558,NA
2314,"APCL14_293",4.6,559,NA
2319,"APCL14_297",8.5,562,NA
2321,"APCL14_301",3.6,564,NA
2327,"APCL14_305",8,567,NA
2334,"APCL14_314",5.1,574,NA
2336,"APCL14_316",8.9,575,NA
2339,"APCL14_319",8.4,576,NA
2341,"APCL14_321",7.7,577,NA
2342,"APCL14_323",6.2,578,NA
2349,"APCL14_353",5.9,581,NA
2355,"APCL14_355",5.1,582,NA
2361,"APCL14_358",4.2,584,NA
2371,"APCL14_363",4.8,235,NA
2381,"APCL14_370",3.6,592,NA
2382,"APCL14_372",7,593,NA
2384,"APCL14_374",7.4,594,NA
2396,"APCL14_381",4.5,599,NA
2415,"APCL14_387",10.1,NA,NA
2474,"APCL14_393",5.1,608,176
2482,"APCL14_400",4.3,614,NA
2485,"APCL14_403",4.3,617,NA
2490,"APCL14_409",4.8,622,NA
2494,"APCL14_414",4.4,625,NA
2495,"APCL14_418",4.3,627,NA
2496,"APCL14_416",9.1,626,NA
2497,"APCL14_420",3.6,628,NA
2526,"APCL14_332",3.6,636,NA
2528,"APCL14_335",9.2,637,NA
2547,"APCL14_347",4,646,NA
2557,"APCL14_427",3.7,654,NA
2561,"APCL14_432",5.7,659,NA
2562,"APCL14_434",3.6,660,NA
2564,"APCL14_437",4.8,662,NA
2588,"APCL14_450",4.4,673,NA
2647,"APCL14_468",9.6,198,NA
2649,"APCL14_470",9,690,NA
2650,"APCL14_473",8.6,691,NA
2653,"APCL14_481",9.8,692,NA
2654,"APCL14_484",9.8,693,NA
2676,"APCL14_494",8.6,695,NA
2679,"APCL14_497",8.6,697,NA
2683,"APCL14_500",8.8,699,NA
2689,"APCL14_505",4.9,702,NA
2702,"APCL14_511",7,705,NA
2708,"APCL14_516",8.8,709,NA
2713,"APCL14_519",3.8,711,NA
2720,"APCL14_521",5.3,712,NA
2721,"APCL14_524",5.3,713,NA
2723,"APCL14_526",8.5,714,NA
2731,"APCL14_530",6.4,716,NA
2753,"APCL14_540",4,724,NA
2762,"APCL14_544",9.8,725,NA
2765,"APCL14_546",8.1,726,NA
2769,"APCL14_550",9.4,728,NA
2774,"APCL14_553",6.1,730,NA
2775,"APCL14_555",3.6,731,NA
1862,"APCL14_003",9.9,375,NA
1875,"APCL14_017",9.3,14,NA
1916,"APCL14_035",8.5,395,76
1939,"APCL14_054",5.3,408,NA
1995,"APCL14_098",10.7,430,279
2129,"APCL14_159",4.4,479,NA
2133,"APCL14_164",3.9,481,NA
2147,"APCL14_173",3.6,486,NA
2279,"APCL14_258",7.8,536,NA
2319,"APCL14_298",8.7,562,NA
2327,"APCL14_306",8.2,567,NA
2415,"APCL14_388",9.6,NA,NA
2650,"APCL14_474",7,691,NA
2653,"APCL14_482",4.7,692,NA
2654,"APCL14_485",6.8,693,NA
2683,"APCL14_501",5.6,699,NA
2689,"APCL14_506",4.2,702,NA
2720,"APCL14_522",3.8,712,NA
1916,"APCL14_036",11.1,395,76
2650,"APCL14_475",5.1,691,NA
2654,"APCL14_486",7.5,693,NA
2689,"APCL14_507",8.4,702,NA
2650,"APCL14_476",6.8,691,NA
2654,"APCL14_487",4.4,693,NA
2650,"APCL14_477",4.6,691,NA
2654,"APCL14_488",4.5,693,NA
2650,"APCL14_478",8.2,691,NA
2650,"APCL14_479",4.4,691,NA
2782,"APCL13_001",9.8,NA,NA
2783,"APCL13_002",4.8,2,NA
2784,"APCL13_006",10,1,NA
2785,"APCL13_004",9.8,3,NA
2787,"APCL13_005",7.8,4,NA
2792,"APCL13_007",7,5,NA
2793,"APCL13_009",10,6,NA
2795,"APCL13_011",11.7,7,NA
2797,"APCL13_013",10.2,8,NA
2799,"APCL13_016",11.1,9,NA
2802,"APCL13_017",12,10,NA
2804,"APCL13_020",11.4,15,NA
2807,"APCL13_022",12.4,11,NA
2809,"APCL13_023",11,12,NA
2810,"APCL13_025",5.1,13,NA
2813,"APCL13_027",9.4,14,NA
2814,"APCL13_026",3.5,16,NA
2816,"APCL13_029",2.7,17,NA
2817,"APCL13_031",7.4,18,NA
2819,"APCL13_033",4.2,19,NA
2820,"APCL13_034",3.1,20,NA
2823,"APCL13_038",3.4,22,NA
2825,"APCL13_036",2.9,21,NA
2828,"APCL13_039",7.7,23,NA
2830,"APCL13_041",3.8,24,NA
2831,"APCL13_042",7.4,25,NA
2834,"APCL13_046",7.1,27,NA
2835,"APCL13_044",9.1,26,NA
2836,"APCL13_047",3.6,28,NA
2837,"APCL13_048",4,29,NA
2839,"APCL13_049",6.4,31,NA
2842,"APCL13_053",2.6,32,NA
2843,"APCL13_054",3.2,33,NA
2844,"APCL13_056",3,34,NA
2846,"APCL13_057",3.2,35,NA
2848,"APCL13_061",4.1,36,NA
2850,"APCL13_062",5.1,37,NA
2852,"APCL13_064",3.8,38,NA
2853,"APCL13_065",6.6,39,NA
2854,"APCL13_067",4.6,40,NA
2858,"APCL13_071",2.9,41,NA
2861,"APCL13_072",7.8,42,NA
2863,"APCL13_076",6.5,43,NA
2866,"APCL13_077",4.8,44,NA
2868,"APCL13_079",3.4,45,NA
2874,"APCL13_082",8.4,46,NA
2877,"APCL13_083",9.7,47,NA
2879,"APCL13_084",3.6,48,NA
2881,"APCL13_086",4.1,49,NA
2882,"APCL13_087",9.8,50,NA
2883,"APCL13_089",7.9,51,NA
2884,"APCL13_091",8.2,52,NA
2885,"APCL13_093",6.4,53,NA
2886,"APCL13_095",8.4,54,NA
2889,"APCL13_097",10.1,55,NA
2890,"APCL13_100",6.8,56,NA
2892,"APCL13_101",6.1,57,NA
2893,"APCL13_102",9.5,58,NA
2897,"APCL13_105",5.2,60,NA
2902,"APCL13_106",3.2,61,NA
2903,"APCL13_110",4.8,62,NA
2904,"APCL13_109",8.8,63,NA
2905,"APCL13_114",7.4,64,NA
2906,"APCL13_117",4.1,65,NA
2907,"APCL13_119",11.9,NA,NA
2913,"APCL13_121",7.5,66,NA
2914,"APCL13_123",4.2,67,NA
2915,"APCL13_126",11.1,68,NA
2916,"APCL13_128",6,69,NA
2917,"APCL13_129",10.1,70,NA
2920,"APCL13_130",6.8,71,NA
2923,"APCL13_131",10.7,72,NA
2927,"APCL13_132",10.7,73,NA
2928,"APCL13_134",6.2,74,NA
2933,"APCL13_136",12.1,75,NA
2935,"APCL13_138",4,76,NA
2940,"APCL13_140",4.7,77,NA
2944,"APCL13_142",4.2,79,NA
2945,"APCL13_143",3.2,78,NA
2948,"APCL13_144",8.2,80,NA
2950,"APCL13_146",5.5,81,NA
2951,"APCL13_147",11,82,NA
2953,"APCL13_149",10.5,84,NA
2955,"APCL13_150",3.2,85,NA
2958,"APCL13_154",5,86,NA
2961,"APCL13_155",4.9,87,NA
2962,"APCL13_160",7.8,88,NA
2963,"APCL13_161",8.4,89,NA
2964,"APCL13_162",8.5,90,NA
2967,"APCL13_168",6.5,91,NA
2970,"APCL13_164",9.6,92,NA
2971,"APCL13_167",2.9,93,NA
2972,"APCL13_169",7.4,94,NA
2974,"APCL13_172",4.1,95,NA
2976,"APCL13_174",3.9,97,NA
2978,"APCL13_176",10.3,98,NA
2980,"APCL13_178",8.9,99,NA
2983,"APCL13_180",8.7,100,NA
2984,"APCL13_182",7.4,101,NA
2986,"APCL13_184",5.5,102,NA
2987,"APCL13_185",3.1,103,NA
2988,"APCL13_186",2.6,104,NA
2989,"APCL13_187",10.1,105,NA
2990,"APCL13_191",3.3,107,NA
2993,"APCL13_192",9.2,106,NA
2994,"APCL13_196",7.6,108,NA
2995,"APCL13_197",3.3,109,NA
2997,"APCL13_199",4,110,NA
2998,"APCL13_200",8.4,111,NA
3000,"APCL13_202",8.4,112,NA
3002,"APCL13_205",10.3,113,NA
3004,"APCL13_207",8.7,114,NA
3005,"APCL13_209",8.3,115,NA
3006,"APCL13_211",7.6,116,NA
3007,"APCL13_213",5.4,117,NA
3009,"APCL13_214",4.7,118,NA
3012,"APCL13_217",8.6,119,NA
3014,"APCL13_219",9,120,NA
3015,"APCL13_222",6.9,121,NA
3016,"APCL13_224",4.6,122,NA
3018,"APCL13_225",7.9,123,NA
3019,"APCL13_227",4,124,NA
3023,"APCL13_228",6.5,125,NA
3024,"APCL13_230",3.4,126,NA
3025,"APCL13_231",5.9,127,NA
3026,"APCL13_232",4.1,128,NA
3032,"APCL13_234",5.4,129,NA
3035,"APCL13_236",9.2,131,NA
3036,"APCL13_237",4.7,130,NA
3038,"APCL13_240",4.2,132,NA
3042,"APCL13_241",9.6,133,NA
3045,"APCL13_245",3.8,135,NA
3046,"APCL13_243",7.9,134,NA
3047,"APCL13_248",4.7,136,NA
3048,"APCL13_249",2.6,137,NA
3050,"APCL13_252",7.5,138,NA
3051,"APCL13_253",2.8,139,NA
3052,"APCL13_254",7.8,140,NA
3053,"APCL13_256",8.1,141,NA
3055,"APCL13_258",4.7,142,NA
3056,"APCL13_259",6.2,143,NA
3058,"APCL13_261",6,144,NA
3059,"APCL13_262",7.9,145,NA
3060,"APCL13_263",2.9,146,NA
3063,"APCL13_266",3.2,148,NA
3064,"APCL13_264",8.2,147,NA
3065,"APCL13_267",8.3,149,NA
3066,"APCL13_269",5.8,150,NA
3067,"APCL13_318",6.8,151,NA
3068,"APCL13_270",6.7,152,NA
3069,"APCL13_273",7.7,153,NA
3075,"APCL13_274",5,154,NA
3092,"APCL13_276",6.9,156,NA
3093,"APCL13_277",8.8,157,NA
3105,"APCL13_278",9.7,158,NA
3111,"APCL13_279",7.6,159,NA
3118,"APCL13_281",3,160,NA
3120,"APCL13_282",10,161,NA
3133,"APCL13_284",9.2,162,NA
3134,"APCL13_286",4.2,163,NA
3136,"APCL13_287",5.4,154,NA
3191,"APCL13_288",8.3,165,NA
3197,"APCL13_290",6.2,166,NA
3198,"APCL13_293",10.2,167,NA
3199,"APCL13_294",5.4,168,NA
3200,"APCL13_295",9,169,NA
3234,"APCL13_296",9.7,170,NA
3235,"APCL13_297",6.3,171,NA
3236,"APCL13_301",6.7,172,NA
3237,"APCL13_302",8.2,173,NA
3259,"APCL13_305",7.6,175,NA
3261,"APCL13_307",8,177,NA
3262,"APCL13_308",9.5,178,NA
3263,"APCL13_309",7,179,NA
3264,"APCL13_310",8,180,NA
3292,"APCL13_313",4.9,181,NA
3310,"APCL13_316",5.7,183,NA
3311,"APCL13_315",7.9,182,NA
3312,"APCL13_317",7.8,184,NA
3314,"APCL13_319",9.9,185,NA
3317,"APCL13_320",5,186,NA
3320,"APCL13_321",3.5,188,NA
3327,"APCL13_323",4.6,189,NA
3328,"APCL13_324",5.7,190,NA
3329,"APCL13_326",7,191,NA
3333,"APCL13_327",3.9,192,NA
3336,"APCL13_329",9.1,193,NA
3342,"APCL13_331",7.1,194,NA
3345,"APCL13_333",6.9,195,NA
3346,"APCL13_334",8.9,196,NA
3348,"APCL13_336",4,197,NA
3349,"APCL13_337",8.9,198,NA
3350,"APCL13_339",7.4,200,NA
3353,"APCL13_341",5.3,199,NA
3354,"APCL13_345",2.4,202,NA
3355,"APCL13_343",7.5,201,NA
3357,"APCL13_346",5.8,203,NA
3358,"APCL13_347",6.8,204,NA
3359,"APCL13_354",8.2,207,NA
3360,"APCL13_350",7.4,205,NA
3362,"APCL13_352",6.7,206,NA
3364,"APCL13_356",9.5,208,NA
3370,"APCL13_358",4.4,209,NA
3371,"APCL13_360",7,210,NA
3373,"APCL13_361",3.4,211,NA
3374,"APCL13_362",3.8,212,NA
3378,"APCL13_363",6.9,213,NA
3380,"APCL13_365",8.2,214,NA
3382,"APCL13_368",8.3,215,NA
3385,"APCL13_375",9.2,216,NA
3392,"APCL13_379",8.5,217,NA
3394,"APCL13_378",6,218,NA
3395,"APCL13_380",4,219,NA
3396,"APCL13_381",10.5,220,NA
3397,"APCL13_383",6.1,221,NA
3398,"APCL13_385",7.7,222,NA
3400,"APCL13_387",7.6,223,NA
3401,"APCL13_389",5,224,NA
3402,"APCL13_391",7.6,225,NA
3404,"APCL13_392",9.2,226,NA
3405,"APCL13_395",6.4,228,NA
3407,"APCL13_394",7.6,227,NA
3408,"APCL13_396",3.7,229,NA
3411,"APCL13_397",8.8,230,NA
3419,"APCL13_399",4.9,231,NA
3423,"APCL13_400",9,232,NA
3424,"APCL13_403",3.9,233,NA
3425,"APCL13_404",4.1,234,NA
3433,"APCL13_405",7.6,235,NA
3434,"APCL13_407",7,236,NA
3437,"APCL13_408",7,237,NA
3439,"APCL13_409",2.8,238,NA
3448,"APCL13_410",5,239,NA
3450,"APCL13_411",7.9,240,NA
3451,"APCL13_413",3.6,241,NA
3452,"APCL13_414",8.3,242,NA
3456,"APCL13_416",6.6,243,NA
3463,"APCL13_418",3.5,245,NA
3464,"APCL13_420",7.1,246,NA
3467,"APCL13_422",3.5,247,NA
3469,"APCL13_424",5.1,248,NA
3476,"APCL13_425",4.5,249,NA
3477,"APCL13_426",5.9,250,NA
3483,"APCL13_427",7.1,251,NA
3484,"APOC13_429",7.8,NA,NA
3485,"APPE13_431",8.9,NA,NA
3486,"APPE13_432",9.3,NA,NA
3496,"APCL13_433",10,252,NA
3499,"APCL13_437",8.3,253,NA
3503,"APCL13_441",5.6,254,NA
3504,"APCL13_444",5,255,NA
3506,"APCL13_446",2.9,256,NA
3510,"APCL13_450",7.7,257,NA
3511,"APCL13_452",4.7,258,NA
3512,"APCL13_454",2.5,259,NA
3514,"APCL13_455",2.5,259,NA
3515,"APCL13_456",6.3,260,NA
3516,"APCL13_459",10,261,NA
3518,"APCL13_460",7.1,262,NA
3519,"APCL13_461",10.4,NA,NA
3522,"APCL13_463",4.9,263,NA
3523,"APCL13_464",4,264,NA
3525,"APCL13_465",7.1,265,NA
3526,"APCL13_466",5.8,266,NA
3529,"APCL13_468",4.7,267,NA
3530,"APCL13_469",9.7,268,NA
3534,"APCL13_470",7.5,269,NA
3540,"APCL13_472",8.9,270,NA
3541,"APCL13_474",7.4,271,NA
3542,"APCL13_476",5,272,NA
3543,"APCL13_477",3.1,273,NA
3544,"APCL13_478",8.6,274,NA
3546,"APCL13_483",4.3,275,NA
3549,"APCL13_484",10.5,276,NA
3553,"APCL13_488",5.4,277,NA
3554,"APCL13_491",7.7,278,NA
3555,"APCL13_493",7.4,279,NA
3557,"APCL13_496",9.2,280,NA
3567,"APCL13_498",7.6,281,NA
3568,"APCL13_499",7.1,282,NA
3569,"APCL13_501",8.5,NA,NA
3570,"APCL13_502",6.3,283,NA
3572,"APCL13_503",9.6,NA,NA
3573,"APCL13_504",8.6,284,NA
3574,"APCL13_506",9.7,285,NA
3576,"APCL13_508",6.5,286,NA
3578,"APCL13_510",10.4,287,NA
3579,"APCL13_513",7.9,288,NA
3580,"APCL13_516",8.1,289,NA
3581,"APCL13_519",4.5,290,NA
3582,"APCL13_520",8.1,291,NA
3584,"APCL13_524",7,292,NA
3585,"APCL13_527",2.5,293,NA
3586,"APCL13_530",6.5,294,NA
3588,"APCL13_531",3.9,295,NA
3591,"APCL13_533",3.4,297,NA
3593,"APCL13_534",6.2,298,NA
3594,"APCL13_535",6.7,299,NA
3597,"APCL13_537",7.4,300,NA
3598,"APCL13_540",8.5,301,NA
3599,"APCL13_546",9.7,302,NA
3601,"APCL13_547",8.4,303,NA
3602,"APCL13_550",4.2,304,NA
3603,"APCL13_551",6.3,305,NA
3604,"APCL13_553",8.3,306,NA
3605,"APCL13_556",5.5,307,NA
3609,"APCL13_559",6.8,308,NA
3610,"APCL13_560",7.4,309,NA
3611,"APCL13_562",7.2,310,NA
3612,"APCL13_565",9.6,311,NA
3614,"APCL13_567",7.1,312,NA
3615,"APCL13_568",9.4,313,NA
3616,"APCL13_570",9.2,314,NA
3618,"APCL13_572",3,315,NA
3620,"APCL13_573",5.7,316,NA
3621,"APCL13_576",9.6,317,NA
3623,"APCL13_579",6.7,318,NA
3627,"APCL13_583",9.5,319,NA
3628,"APCL13_584",8.2,320,NA
3630,"APCL13_587",9.1,321,NA
3633,"APCL13_588",10.1,322,NA
3634,"APCL13_592",9.3,323,NA
3638,"APCL13_595",9.7,324,NA
3639,"APCL13_597",7.5,NA,NA
3640,"APCL13_600",3.4,325,NA
3641,"APCL13_606",7.8,326,NA
3644,"APCL13_602",8.2,327,NA
3646,"APCL13_603",7,329,NA
3650,"APCL13_607",3.3,330,NA
3654,"APCL13_608",3.3,332,NA
3661,"APCL13_609",4.2,333,NA
3662,"APCL13_610",8.3,334,NA
3663,"APCL13_611",3.4,335,NA
3667,"APCL13_612",5.4,336,NA
3670,"APCL13_613",5.9,337,NA
3673,"APCL13_614",8.5,338,NA
3675,"APCL13_615",5.3,339,NA
3677,"APCL13_616",3.9,340,NA
3685,"APCL13_617",4.3,341,NA
3690,"APCL13_619",7.8,343,NA
3692,"APCL13_618",8,342,NA
3703,"APCL13_620",9.7,344,NA
3705,"APCL13_621",7.8,176,NA
3706,"APCL13_622",8.7,178,NA
3707,"APCL13_623",2.7,346,NA
3708,"APCL13_625",2.8,347,NA
3709,"APCL13_626",4.9,180,NA
3710,"APCL13_627",2.5,348,NA
3711,"APCL13_628",4.7,349,NA
3712,"APCL13_631",8.2,350,NA
3716,"APCL13_632",5.3,351,NA
3717,"APCL13_634",10.5,352,NA
3718,"APCL13_636",3.1,353,NA
3721,"APCL13_637",3.9,354,NA
3723,"APCL13_638",4,355,NA
3727,"APCL13_639",5.8,356,NA
3732,"APCL13_640",6.5,123,NA
3733,"APCL13_641",4.5,357,NA
3734,"APCL13_642",4,358,NA
3735,"APCL13_643",8,112,NA
3736,"APCL13_644",7.4,359,NA
3740,"APCL13_646",4,360,NA
3748,"APCL13_647",5.2,361,NA
3749,"APCL13_648",2.8,362,NA
3751,"APCL13_649",2.2,363,NA
3757,"APCL13_650",5.5,364,NA
3758,"APCL13_651",7.7,NA,NA
3768,"APCL13_653",3.6,365,NA
3769,"APCL13_656",5.4,366,NA
3780,"APCL13_658",7.5,367,NA
3816,"APCL13_659",2.7,368,NA
3817,"APCL13_660",7.3,369,NA
3818,"APCL13_662",3.5,370,NA
3834,"APCL13_663",4,371,NA
3835,"APCL13_664",3,372,NA
3851,"APCL13_665",5.6,373,NA
3852,"APCL13_666",3,374,NA
2783,"APCL13_003",9.6,2,NA
2792,"APCL13_008",4,5,NA
2793,"APCL13_010",5,6,NA
2795,"APCL13_012",10.9,7,NA
2797,"APCL13_014",11.2,8,NA
2802,"APCL13_019",4.1,10,NA
2804,"APCL13_021",10.6,15,NA
2809,"APCL13_024",11.2,12,NA
2814,"APCL13_028",9,16,NA
2816,"APCL13_030",6.8,17,NA
2817,"APCL13_032",3.7,18,NA
2820,"APCL13_035",4.8,20,NA
2825,"APCL13_037",4.6,21,NA
2828,"APCL13_040",7.3,23,NA
2831,"APCL13_043",7.6,25,NA
2835,"APCL13_045",8.9,26,NA
2839,"APCL13_050",9.1,31,NA
2843,"APCL13_055",6.5,33,NA
2846,"APCL13_058",6.7,35,NA
2850,"APCL13_063",10.5,37,NA
2852,"APCL13_070",9.3,38,NA
2853,"APCL13_066",2.5,39,NA
2854,"APCL13_068",3.5,40,NA
2861,"APCL13_073",8.9,42,NA
2866,"APCL13_078",2.7,44,NA
2868,"APCL13_080",9.5,45,NA
2879,"APCL13_085",6.5,48,NA
2882,"APCL13_088",10.9,50,NA
2883,"APCL13_090",10.3,51,NA
2884,"APCL13_092",7,52,NA
2885,"APCL13_094",4.1,53,NA
2886,"APCL13_096",5.2,54,NA
2889,"APCL13_099",4.2,55,NA
2893,"APCL13_103",10.2,58,NA
2902,"APCL13_107",5,61,NA
2904,"APCL13_111",10.5,63,NA
2905,"APCL13_115",3.8,64,NA
2906,"APCL13_118",12.5,65,NA
2907,"APCL13_120",11.1,NA,NA
2913,"APCL13_122",5.9,66,NA
2914,"APCL13_124",5.7,67,NA
2915,"APCL13_127",11.2,68,NA
2927,"APCL13_133",6.3,73,NA
2933,"APCL13_137",10.6,75,NA
2935,"APCL13_139",12.4,76,NA
2940,"APCL13_141",3.3,77,NA
2948,"APCL13_145",9.6,80,NA
2951,"APCL13_148",11.2,82,NA
2955,"APCL13_151",2.5,85,NA
2961,"APCL13_156",8.2,87,NA
2964,"APCL13_163",8.2,90,NA
2970,"APCL13_165",4.9,92,NA
2971,"APCL13_170",7.3,93,NA
2972,"APCL13_171",4,94,NA
2975,"APCL13_173",4.9,96,NA
2978,"APCL13_177",10.7,98,NA
2980,"APCL13_179",7,99,NA
2983,"APCL13_181",4.2,100,NA
2984,"APCL13_183",3.2,101,NA
2989,"APCL13_188",5.3,105,NA
2990,"APCL13_190",8.7,107,NA
2993,"APCL13_193",9.3,106,NA
2998,"APCL13_201",2.7,111,NA
3000,"APCL13_203",10.8,112,NA
3002,"APCL13_206",10.2,113,NA
3004,"APCL13_208",8.8,114,NA
3005,"APCL13_210",8.8,115,NA
3006,"APCL13_212",2.8,116,NA
3009,"APCL13_215",2.8,118,NA
3012,"APCL13_218",8.8,119,NA
3014,"APCL13_220",8.2,120,NA
3015,"APCL13_223",2.5,121,NA
3018,"APCL13_226",6.2,123,NA
3023,"APCL13_229",3.4,125,NA
3026,"APCL13_233",7,128,NA
3032,"APCL13_235",2.1,129,NA
3036,"APCL13_238",3.4,130,NA
3042,"APCL13_242",9.1,133,NA
3045,"APCL13_246",5.3,135,NA
3046,"APCL13_244",8.7,134,NA
3047,"APCL13_251",6.6,136,NA
3048,"APCL13_250",4.2,137,NA
3052,"APCL13_255",3.2,140,NA
3053,"APCL13_257",7,141,NA
3056,"APCL13_260",4.9,143,NA
3059,"APCL13_268",4.6,145,NA
3064,"APCL13_265",4.2,147,NA
3068,"APCL13_271",6.4,152,NA
3075,"APCL13_275",10.8,154,NA
3111,"APCL13_280",5.1,159,NA
3120,"APCL13_283",8.7,161,NA
3133,"APCL13_285",4.5,162,NA
3191,"APCL13_289",5.5,165,NA
3197,"APCL13_291",3.9,166,NA
3234,"APCL13_304",9.8,170,NA
3235,"APCL13_298",4.2,171,NA
3237,"APCL13_303",8.7,173,NA
3259,"APCL13_306",4,175,NA
3264,"APCL13_311",7.5,180,NA
3320,"APCL13_322",8.2,188,NA
3328,"APCL13_325",2.5,190,NA
3333,"APCL13_328",6.1,192,NA
3336,"APCL13_330",5.8,193,NA
3342,"APCL13_332",4.3,194,NA
3346,"APCL13_335",9.4,196,NA
3349,"APCL13_338",7.8,198,NA
3350,"APCL13_340",7.9,200,NA
3353,"APCL13_342",2.5,199,NA
3355,"APCL13_344",7.7,201,NA
3358,"APCL13_348",9.3,204,NA
3359,"APCL13_355",9.3,207,NA
3360,"APCL13_351",3.6,205,NA
3362,"APCL13_353",3.6,206,NA
3370,"APCL13_359",5.8,209,NA
3378,"APCL13_364",2.4,213,NA
3380,"APCL13_366",7.6,214,NA
3382,"APCL13_369",7.8,215,NA
3385,"APCL13_376",10.2,216,NA
3396,"APCL13_382",2.8,220,NA
3398,"APCL13_386",7.4,222,NA
3400,"APCL13_388",3.3,223,NA
3401,"APCL13_390",2.4,224,NA
3404,"APCL13_393",4.1,226,NA
3423,"APCL13_401",4,232,NA
3433,"APCL13_406",4.7,235,NA
3450,"APCL13_412",2.6,240,NA
3452,"APCL13_415",6.6,242,NA
3456,"APCL13_417",4.4,243,NA
3463,"APCL13_419",7.5,245,NA
3464,"APCL13_421",6.3,246,NA
3467,"APCL13_423",2.8,247,NA
3483,"APCL13_428",7.6,251,NA
3484,"APOC13_430",6.2,NA,NA
3496,"APCL13_434",3.5,252,NA
3499,"APCL13_438",6.2,253,NA
3503,"APCL13_442",2.7,254,NA
3504,"APCL13_445",3.1,255,NA
3506,"APCL13_447",5.1,256,NA
3510,"APCL13_451",2.8,257,NA
3511,"APCL13_453",2.4,258,NA
3515,"APCL13_457",4.8,260,NA
3519,"APCL13_462",9.7,NA,NA
3526,"APCL13_467",2.4,266,NA
3534,"APCL13_471",10.3,269,NA
3540,"APCL13_473",2.9,270,NA
3541,"APCL13_475",4.1,271,NA
3543,"APCL13_482",9.2,273,NA
3544,"APCL13_479",3.7,274,NA
3549,"APCL13_485",2.7,276,NA
3553,"APCL13_489",4.2,277,NA
3554,"APCL13_492",6.4,278,NA
3555,"APCL13_494",7.6,279,NA
3557,"APCL13_497",10.7,280,NA
3568,"APCL13_500",3.4,282,NA
3573,"APCL13_505",9.4,284,NA
3574,"APCL13_507",4.1,285,NA
3576,"APCL13_509",2.9,286,NA
3578,"APCL13_511",9.1,287,NA
3579,"APCL13_514",3.7,288,NA
3580,"APCL13_517",9.2,289,NA
3582,"APCL13_521",6.3,291,NA
3584,"APCL13_525",1.8,292,NA
3585,"APCL13_528",9,293,NA
3588,"APCL13_532",6.6,295,NA
3594,"APCL13_536",2.5,299,NA
3597,"APCL13_538",9.1,300,NA
3598,"APCL13_541",5.5,301,NA
3601,"APCL13_548",10.1,303,NA
3603,"APCL13_552",5.3,305,NA
3604,"APCL13_555",10.5,306,NA
3605,"APCL13_557",8,307,NA
3610,"APCL13_561",3.4,309,NA
3611,"APCL13_563",3.8,310,NA
3612,"APCL13_566",8.4,311,NA
3615,"APCL13_569",9.7,313,NA
3616,"APCL13_571",9.4,314,NA
3620,"APCL13_574",3.3,316,NA
3621,"APCL13_578",9.8,317,NA
3623,"APCL13_580",6.1,318,NA
3628,"APCL13_585",3.6,320,NA
3633,"APCL13_589",10.6,322,NA
3634,"APCL13_593",3.2,323,NA
3638,"APCL13_596",9.8,324,NA
3639,"APCL13_598",9.2,NA,NA
3641,"APCL13_601",5.3,326,NA
3646,"APCL13_604",7.2,329,NA
3707,"APCL13_624",4.8,346,NA
3712,"APCL13_629",3.6,350,NA
3716,"APCL13_633",2.5,351,NA
3717,"APCL13_635",10.8,352,NA
3736,"APCL13_645",2.6,359,NA
3758,"APCL13_652",8.8,NA,NA
3768,"APCL13_654",3.1,365,NA
3769,"APCL13_657",5.2,366,NA
3817,"APCL13_661",3.4,369,NA
3852,"APCL13_667",4.5,374,NA
2797,"APCL13_015",4.5,8,NA
2839,"APCL13_051",4.6,31,NA
2846,"APCL13_060",5.1,35,NA
2854,"APCL13_069",2.9,40,NA
2861,"APCL13_074",2.6,42,NA
2868,"APCL13_081",10.2,45,NA
2886,"APCL13_098",3.5,54,NA
2893,"APCL13_104",6.3,58,NA
2902,"APCL13_108",3.7,61,NA
2904,"APCL13_112",3.3,63,NA
2905,"APCL13_116",2.5,64,NA
2914,"APCL13_125",3.2,67,NA
2927,"APCL13_135",11.6,73,NA
2955,"APCL13_152",5.2,85,NA
2961,"APCL13_157",4.1,87,NA
2970,"APCL13_166",9.5,92,NA
2989,"APCL13_189",3.5,105,NA
2993,"APCL13_194",3.6,106,NA
3000,"APCL13_204",3.8,112,NA
3004,"APCL13_216",8.4,114,NA
3014,"APCL13_221",3,120,NA
3036,"APCL13_239",6.5,130,NA
3045,"APCL13_247",2.6,135,NA
3068,"APCL13_272",3.7,152,NA
3197,"APCL13_292",3,166,NA
3235,"APCL13_299",2.9,171,NA
3264,"APCL13_312",8.6,180,NA
3358,"APCL13_349",8.6,204,NA
3364,"APCL13_357",3,208,NA
3380,"APCL13_367",6.8,214,NA
3382,"APCL13_370",9.1,215,NA
3385,"APCL13_377",10.2,216,NA
3396,"APCL13_384",9,220,NA
3411,"APCL13_398",7.8,230,NA
3423,"APCL13_402",9.2,232,NA
3496,"APCL13_435",4.9,252,NA
3499,"APCL13_439",4,253,NA
3503,"APCL13_443",3.9,254,NA
3506,"APCL13_448",3.5,256,NA
3515,"APCL13_458",3.5,260,NA
3544,"APCL13_480",4.2,274,NA
3549,"APCL13_486",10.4,276,NA
3553,"APCL13_490",2.3,277,NA
3555,"APCL13_495",3,279,NA
3578,"APCL13_512",3,287,NA
3579,"APCL13_515",5.4,288,NA
3580,"APCL13_518",5.9,289,NA
3582,"APCL13_522",3.3,291,NA
3585,"APCL13_529",7.1,293,NA
3597,"APCL13_539",2.7,300,NA
3598,"APCL13_542",6.1,301,NA
3601,"APCL13_549",7.9,303,NA
3605,"APCL13_558",3.7,307,NA
3611,"APCL13_564",5,310,NA
3620,"APCL13_575",5,316,NA
3623,"APCL13_581",3.3,318,NA
3628,"APCL13_586",2.5,320,NA
3633,"APCL13_590",6.5,322,NA
3634,"APCL13_594",8.8,323,NA
3639,"APCL13_599",8.6,NA,NA
3646,"APCL13_605",5.6,329,NA
3712,"APCL13_630",8.9,350,NA
3768,"APCL13_655",4.1,365,NA
2839,"APCL13_052",3.9,31,NA
2846,"APCL13_059",8,35,NA
2861,"APCL13_075",4,42,NA
2904,"APCL13_113",4.3,63,NA
2955,"APCL13_153",3,85,NA
2961,"APCL13_158",7.2,87,NA
2993,"APCL13_195",5.7,106,NA
3235,"APCL13_300",3.4,171,NA
3264,"APCL13_314",9.8,180,NA
3382,"APCL13_371",2.7,215,NA
3496,"APCL13_436",9.4,252,NA
3499,"APCL13_440",2.6,253,NA
3506,"APCL13_449",4.5,256,NA
3544,"APCL13_481",6.1,274,NA
3549,"APCL13_487",6.7,276,NA
3582,"APCL13_523",9.2,291,NA
3598,"APCL13_543",3.9,301,NA
3623,"APCL13_582",2.5,318,NA
3633,"APCL13_591",7.3,322,NA
2961,"APCL13_159",7.5,87,NA
3382,"APCL13_372",5.7,215,NA
3584,"APCL13_526",7.5,292,NA
3382,"APCL13_373",6.3,215,NA
3382,"APCL13_374",5.2,215,NA
3862,"APCL12_006",7.6,NA,NA
3863,"APCL12_011",10.6,NA,NA
3865,"APCL12_018",8.6,NA,NA
3867,"APCL12_013",8.2,NA,NA
3870,"APCL12_012",10,NA,NA
3871,"APCL12_007",10.8,NA,NA
3872,"APCL12_003",9.2,NA,NA
3874,"APCL12_004",9,NA,NA
3877,"APCL12_014",9.1,NA,NA
3882,"APCL12_028",11,NA,NA
3883,"APCL12_022",10.6,NA,NA
3884,"APCL12_021",9.7,NA,NA
3886,"APCL12_027",10.6,NA,NA
3887,"APCL12_026",11.5,NA,NA
3888,"APCL12_025",8.6,NA,NA
3890,"APCL12_032",10.4,NA,NA
3891,"APCL12_034",8.9,NA,NA
3892,"APCL12_035",9.3,NA,NA
3893,"APCL12_037",9.1,NA,NA
3894,"APCL12_038",9.6,NA,NA
3895,"APCL12_040",10.9,NA,NA
3896,"APCL12_042",10,NA,NA
3897,"APCL12_045",8.7,NA,NA
3898,"APCL12_047",8.1,NA,NA
3899,"APCL12_049",9.4,NA,NA
3900,"APCL12_050",9.6,NA,NA
3901,"APCL12_052",8.5,NA,NA
3909,"APCL12_061",4.8,NA,NA
3912,"APCL12_056",5.7,NA,NA
3913,"APCL12_060",9,NA,NA
3915,"APCL12_062",7.1,NA,NA
3924,"APCL12_057",3.1,NA,NA
3925,"APCL12_054",9.2,NA,NA
3931,"APCL12_056",10.3,NA,NA
3933,"APCL12_069",9.4,NA,NA
3936,"APCL12_077",8,NA,NA
3942,"APCL12_079",6.1,NA,NA
3945,"APCL12_080",4.7,NA,NA
3947,"APCL12_064",10.1,NA,NA
3951,"APCL12_075",10.1,NA,NA
3961,"APCL12_072",3.7,NA,NA
3973,"APCL12_086",6.6,NA,NA
3975,"APCL12_082",9.1,NA,NA
3977,"APCL12_088",9.1,NA,NA
3979,"APCL12_087",10.7,NA,NA
3982,"APCL12_085",9.7,NA,NA
3984,"APCL12_095",9.8,NA,NA
3985,"APCL12_094",5.4,NA,NA
3990,"APCL12_091",6.1,NA,NA
4000,"APCL12_097",9.7,NA,NA
4010,"APCL12_092",9.1,NA,NA
4021,"APCL12_104",10.1,NA,NA
4033,"APCL12_106",8.3,NA,NA
4039,"APCL12_107",7.8,NA,NA
4042,"APCL12_105",9.6,NA,NA
4049,"APCL12_100",6.4,NA,NA
4051,"APCL12_108",8.6,NA,NA
4053,"APCL12_116",6.3,NA,NA
4055,"APCL12_112",3.8,NA,NA
4063,"APCL12_114",5,NA,NA
4067,"APCL12_117",9,NA,NA
4070,"APCL12_110",7.5,NA,NA
4073,"APCL12_109",8,NA,NA
4074,"APCL12_115",4.8,NA,NA
4077,"APCL12_111",7.8,NA,NA
4080,"APCL12_118",7.1,NA,NA
4084,"APCL12_120",6.6,NA,NA
4088,"APCL12_124",4.1,NA,NA
4093,"APCL12_125",10.3,NA,NA
4097,"APCL12_123",4.3,NA,NA
4100,"APCL12_121",7.5,NA,NA
4109,"APCL12_119",5.3,NA,NA
4116,"APCL12_126",4.9,NA,NA
4126,"APCL12_128",5.4,NA,NA
4127,"APCL12_129",6.4,NA,NA
4128,"APCL12_130",8.6,NA,NA
4130,"APCL12_132",9.1,NA,NA
4135,"APCL12_135",7.2,NA,NA
4136,"APCL12_138",11.8,NA,NA
4137,"APCL12_140",9,NA,NA
4139,"APCL12_142",8.2,NA,NA
4141,"APCL12_144",9.3,NA,NA
4142,"APCL12_146",10.2,NA,NA
4143,"APCL12_151",6.2,NA,NA
4144,"APCL12_154",9.3,NA,NA
4148,"APCL12_161",9,NA,NA
4149,"APCL12_155",6.3,NA,NA
4151,"APCL12_165",9.7,NA,NA
4152,"APCL12_172",9.4,NA,NA
4154,"APCL12_166",4.5,NA,NA
4155,"APCL12_167",5.6,NA,NA
4156,"APCL12_168",5.1,NA,NA
4157,"APCL12_169",5.9,NA,NA
4160,"APCL12_170",10.1,NA,NA
4162,"APCL12_173",4,NA,NA
4164,"APCL12_174",7.7,NA,NA
4171,"APCL12_177",9.4,NA,NA
4174,"APCL12_179",8.5,NA,NA
4176,"APCL12_180",3.2,NA,NA
4177,"APCL12_181",3.1,NA,NA
4178,"APCL12_183",7.8,NA,NA
4182,"APCL12_187",5.3,NA,NA
4183,"APCL12_185",6.5,NA,NA
4187,"APCL12_188",4.1,NA,NA
4188,"APCL12_189",4.4,NA,NA
4189,"APCL12_192",7.4,NA,NA
4192,"APCL12_193",5.5,NA,NA
4194,"APCL12_195",4.3,NA,NA
4195,"APCL12_196",5.6,NA,NA
4196,"APCL12_197",8.8,NA,NA
4197,"APCL12_199",5.6,NA,NA
4198,"APCL12_200",5.8,NA,NA
4199,"APCL12_202",4.5,NA,NA
4200,"APCL12_203",5.2,NA,NA
4202,"APCL12_204",5,NA,NA
4205,"APCL12_205",5.7,NA,NA
4206,"APCL12_206",4.2,NA,NA
4209,"APCL12_207",3.8,NA,NA
4210,"APCL12_209",6.4,NA,NA
4212,"APCL12_212",5.8,NA,NA
4213,"APCL12_213",4.4,NA,NA
4215,"APCL12_214",4,NA,NA
4216,"APCL12_215",7.5,NA,NA
4217,"APCL12_217",4.4,NA,NA
4218,"APCL12_218",6.6,NA,NA
4221,"APCL12_222",3.6,NA,NA
4222,"APCL12_224",9.2,NA,NA
4223,"APCL12_228",9.3,NA,NA
4225,"APCL12_226",6.4,NA,NA
4227,"APCL12_227",7.7,NA,NA
4238,"APCL12_232",9.8,NA,NA
4242,"APCL12_235",3.8,NA,NA
4251,"APCL12_236",3.5,NA,NA
4252,"APCL12_237",4.2,NA,NA
4253,"APCL12_238",8.6,NA,NA
4254,"APCL12_239",9.8,NA,NA
4257,"APCL12_240",8.9,3,NA
4261,"APCL12_241",11.2,4,NA
4265,"APCL12_242",8,8,NA
4268,"APCL12_245",8.9,10,NA
4275,"APCL12_248",4.5,NA,NA
4279,"APCL12_250",4.6,NA,NA
4280,"APCL12_251",6.7,NA,NA
4293,"APCL12_252",8.7,NA,NA
4319,"APCL12_254",10.3,NA,NA
4334,"APCL12_255",8.1,NA,NA
4351,"APCL12_257",6.2,NA,NA
4366,"APCL12_260",8.1,NA,NA
4388,"APCL12_262",10.7,NA,NA
4392,"APCL12_261",6.8,NA,NA
4393,"APCL12_264",9.5,NA,NA
4394,"APCL12_266",3.8,NA,NA
4395,"APCL12_267",7,NA,NA
4396,"APCL12_268",9.1,NA,NA
4397,"APCL12_269",8.8,NA,NA
4407,"APCL12_270",9.3,NA,NA
4408,"APCL12_271",8.5,NA,NA
4422,"APCL12_272",9.1,NA,NA
4426,"APCL12_274",6.2,NA,NA
4444,"APCL12_276",4.5,NA,NA
4453,"APCL12_280",7.3,NA,NA
4455,"APCL12_278",8.8,NA,NA
4467,"APCL12_281",8.5,NA,NA
4469,"APCL12_282",5.1,NA,NA
4484,"APCL12_283",5.7,NA,NA
4485,"APCL12_284",6.4,NA,NA
4495,"APCL12_286",5,NA,NA
3863,"APCL12_015",11.4,NA,NA
3865,"APCL12_001",8.9,NA,NA
3867,"APCL12_009",8.8,NA,NA
3874,"APCL12_002",8.9,NA,NA
3877,"APCL12_010",8.4,NA,NA
3878,"APCL12_005",9.1,NA,NA
3883,"APCL12_023",5.2,NA,NA
3884,"APCL12_030",10.4,NA,NA
3886,"APCL12_024",10.2,NA,NA
3889,"APCL12_031",4.1,NA,NA
3890,"APCL12_033",7.7,NA,NA
3892,"APCL12_036",9.5,NA,NA
3894,"APCL12_039",5.7,NA,NA
3895,"APCL12_041",10.2,NA,NA
3896,"APCL12_043",10,NA,NA
3897,"APCL12_046",7.7,NA,NA
3898,"APCL12_048",9.3,NA,NA
3900,"APCL12_051",11,NA,NA
3901,"APCL12_053",10.1,NA,NA
3915,"APCL12_063",3.4,NA,NA
3925,"APCL12_059",9.2,NA,NA
3931,"APCL12_070",8.8,NA,NA
3933,"APCL12_071",9.8,NA,NA
3936,"APCL12_066",10.2,NA,NA
3942,"APCL12_065",5.3,NA,NA
3947,"APCL12_073",8.4,NA,NA
3973,"APCL12_084",6.9,NA,NA
3975,"APCL12_089",9,NA,NA
3977,"APCL12_081",10.3,NA,NA
3982,"APCL12_093",9.7,NA,NA
3984,"APCL12_093",8.6,NA,NA
4000,"APCL12_098",10.3,NA,NA
4010,"APCL12_099",9.4,NA,NA
4033,"APCL12_102",5.5,NA,NA
4039,"APCL12_103",4.5,NA,NA
4070,"APCL12_113",6.2,NA,NA
4073,"APCL12_101",7.4,NA,NA
4084,"APCL12_122",5.3,NA,NA
4116,"APCL12_127",6.3,NA,NA
4128,"APCL12_131",7.2,NA,NA
4130,"APCL12_133",8.3,NA,NA
4135,"APCL12_136",4.6,NA,NA
4136,"APCL12_139",9.8,NA,NA
4137,"APCL12_141",8.5,NA,NA
4139,"APCL12_143",4.6,NA,NA
4141,"APCL12_145",9.1,NA,NA
4142,"APCL12_148",9.6,NA,NA
4143,"APCL12_152",4.6,NA,NA
4148,"APCL12_162",4.2,NA,NA
4149,"APCL12_156",9.4,NA,NA
4152,"APCL12_171",9.9,NA,NA
4164,"APCL12_175",6.5,NA,NA
4171,"APCL12_178",3.5,NA,NA
4177,"APCL12_182",5.3,NA,NA
4178,"APCL12_184",7.7,NA,NA
4183,"APCL12_186",7.3,NA,NA
4188,"APCL12_190",7.7,NA,NA
4192,"APCL12_194",8,NA,NA
4196,"APCL12_198",7.4,NA,NA
4198,"APCL12_201",8,NA,NA
4209,"APCL12_208",6.3,NA,NA
4210,"APCL12_210",7.5,NA,NA
4216,"APCL12_216",6.3,NA,NA
4219,"APCL12_219",3.2,NA,NA
4220,"APCL12_220",7.4,NA,NA
4221,"APCL12_223",5.6,NA,NA
4233,"APCL12_229",4.8,NA,NA
4234,"APCL12_231",9.3,NA,NA
4238,"APCL12_233",9.6,NA,NA
4239,"APCL12_234",5.3,NA,NA
4265,"APCL12_243",10.3,8,NA
4266,"APCL12_244",8.5,9,NA
4268,"APCL12_246",7.9,10,NA
4275,"APCL12_249",6.6,NA,NA
4293,"APCL12_253",9.8,NA,NA
4334,"APCL12_256",5.1,NA,NA
4351,"APCL12_258",4.2,NA,NA
4388,"APCL12_263",8.7,NA,NA
4393,"APCL12_265",9.2,NA,NA
4422,"APCL12_273",8.1,NA,NA
4444,"APCL12_277",7.9,NA,NA
4455,"APCL12_279",9.5,NA,NA
4485,"APCL12_285",9.5,NA,NA
3865,"APCL12_017",9.8,NA,NA
3867,"APCL12_019",3.1,NA,NA
3877,"APCL12_016",9.7,NA,NA
3883,"APCL12_029",10.4,NA,NA
3896,"APCL12_044",8.3,NA,NA
3897,"APCL12_047",9.2,NA,NA
3925,"APCL12_055",4.8,NA,NA
3933,"APCL12_073",6.1,NA,NA
3936,"APCL12_076",2.9,NA,NA
3942,"APCL12_068",3,NA,NA
3947,"APCL12_067",3.8,NA,NA
3951,"APCL12_074",11.8,NA,NA
3982,"APCL12_096",7.4,NA,NA
4000,"APCL12_090",4.1,NA,NA
4130,"APCL12_134",7,NA,NA
4135,"APCL12_137",9,NA,NA
4142,"APCL12_149",3.8,NA,NA
4143,"APCL12_153",9.9,NA,NA
4148,"APCL12_163",7.4,NA,NA
4149,"APCL12_157",8.3,NA,NA
4164,"APCL12_176",8.1,NA,NA
4188,"APCL12_191",9.5,NA,NA
4210,"APCL12_211",8.3,NA,NA
4220,"APCL12_221",5.3,NA,NA
4221,"APCL12_225",9.9,NA,NA
4233,"APCL12_230",8.3,NA,NA
4268,"APCL12_247",9.3,10,NA
4351,"APCL12_259",9.6,NA,NA
4422,"APCL12_275",4.1,NA,NA
3877,"APCL12_008",3.6,NA,NA
4142,"APCL12_150",8.1,NA,NA
4148,"APCL12_164",9.2,NA,NA
4149,"APCL12_158",5.7,NA,NA
4149,"APCL12_159",8.7,NA,NA
4149,"APCL12_160",8.5,NA,NA
