"First.ID","Loci.typed","Second.ID","Loci.typed.1","Matching.loci","Mismatching.loci","pID","pIDsib","Status","First.digest_id","First.extraction_id","First.sample_id","Second.digest_id","Second.extraction_id","Second.sample_id","mismatch_prop","First.anem_table_id","First.fish_table_id","First.Size","First.dive_table_id","First.ObsTime","First.id","First.date","First.name","Second.anem_table_id","Second.fish_table_id","Second.Size","Second.dive_table_id","Second.ObsTime","Second.id","Second.date","Second.name","First.lat","First.lon","Second.lat","Second.lon","date_eval","distkm","disteval","size_eval"
"L2463",1038,"L0721",1038,943,95,0,0,"Fuzzy match","D2266","E1691","APCL12_026","D1038","E0790","APCL14_005",0.0915221579961464,3887,5201,11.5,4,"15:44:00",4,"2012-05-06","Visca",1865,3353,11,86,"15:26:00",86,"2014-06-07","Visca",10.74386311,124.78636932,10.74358177,124.78662109,NA,0.0416555057521397,NA,NA
"L2554",1033,"L2238",1021,957,64,0,0,"Fuzzy match","D2269","E1694","APCL12_029","D1934","E0633","APCL13_510",0.0626836434867777,3883,5716,10.4,4,"15:22:00",4,"2012-05-06","Visca",3578,4529,10.4,51,"17:18:00",51,"2013-06-01","Visca",10.74403858,124.78627014,10.74427032,124.78650665,NA,0.0364911082670225,NA,NA
"L2554",1033,"L0719",1033,935,95,0,0,"Fuzzy match","D2269","E1694","APCL12_029","D1036","E0788","APCL14_003",0.0922330097087379,3883,5716,10.4,4,"15:22:00",4,"2012-05-06","Visca",1862,3756,9.9,86,"15:01:00",86,"2014-06-07","Visca",10.74403858,124.78627014,10.74388599,124.78634644,NA,0.0189042854569448,NA,NA
"L2364",1023,"L1622",1027,915,98,0,0,"Fuzzy match","D2538","E1743","APCL12_078","D0524","E0311","APCL13_187",0.0967423494570582,NA,NA,NA,NA,NA,NA,NA,NA,2989,4201,10.1,35,"10:01:30",35,"2013-05-27","Palanas",NA,NA,10.87405014,124.71105194,NA,NA,NA,NA
"L2420",1038,"L2421",1001,947,54,0,0,"Fuzzy match","D2540","E1745","APCL12_080","D2540","E1745","APCL12_080",0.0539460539460539,3945,5252,4.7,8,"10:23:00",8,"2012-05-09","Palanas",3945,5252,4.7,8,"10:23:00",8,"2012-05-09","Palanas",10.87371159,124.71141815,10.87371159,124.71141815,"FAIL",0,NA,NA
"L2569",1038,"L0416",1038,939,99,0,0,"Fuzzy match","D2597","E1847","APCL12_183","D0382","E0169","APCL13_044",0.0953757225433526,4178,5385,7.8,14,"09:21:00",14,"2012-05-11","Poroc Rose",2835,4066,9.1,25,"13:26:30",25,"2013-05-23","Poroc Rose",10.75654697,124.7858429,10.75649357,124.78585052,NA,0.00599522232031301,NA,NA
"L2570",1038,"L0417",1038,940,98,0,0,"Fuzzy match","D2598","E1848","APCL12_184","D0383","E0170","APCL13_045",0.0944123314065511,4178,5648,7.7,14,"09:21:00",14,"2012-05-11","Poroc Rose",2835,4701,8.9,25,"13:26:30",25,"2013-05-23","Poroc Rose",10.75654697,124.7858429,10.75649357,124.78585052,NA,0.00599522232031301,NA,NA
"L2283",993,"L2385",1036,907,86,0,0,"Fuzzy match","D2616","E1866","APCL12_202","D2617","E1867","APCL12_203",0.0866062437059416,4199,5402,4.5,15,"11:47:00",15,"2012-05-11","Poroc San Flower",4200,5403,5.2,15,"11:54:00",15,"2012-05-11","Poroc San Flower",NA,NA,NA,NA,"FAIL",NA,NA,NA
"L2385",1036,"L3116",1021,965,56,0,0,"Fuzzy match","D2617","E1867","APCL12_203","D3288","E1866","APCL12_202",0.0548481880509305,4200,5403,5.2,15,"11:54:00",15,"2012-05-11","Poroc San Flower",4199,5402,4.5,15,"11:47:00",15,"2012-05-11","Poroc San Flower",NA,NA,NA,NA,"FAIL",NA,NA,NA
"L2434",1038,"L0316",1033,931,102,0,0,"Fuzzy match","D2644","E2293","APCL12_249","D0620","E0407","APCL13_284",0.0987415295256534,4275,5688,6.6,20,"09:18:00",20,"2012-05-14","Wangag",3133,4295,9.2,39,"11:55:30",39,"2013-05-28","Wangag",10.87162113,124.71391296,10.87174129,124.71392822,NA,0.0134650920220224,NA,NA
"L0485",999,"L0893",1038,935,64,0,0,"Fuzzy match","D0842","E0152","APCL13_027","D0982","E0802","APCL14_017",0.0640640640640641,2813,4047,9.4,24,"11:00:00",24,"2013-05-23","Poroc San Flower",1875,3760,9.3,88,"10:12:00",88,"2014-06-10","Poroc San Flower",10.76447487,124.78541565,10.76441574,124.78531647,NA,0.0126734178170279,NA,NA
"L0415",1036,"L3133",1037,932,103,0,0,"Fuzzy match","D0380","E0167","APCL13_042","D3304","E2852","APCL15_371404",0.0995169082125604,2831,4063,7.4,25,"13:20:30",25,"2013-05-23","Poroc Rose",1319,2527,10.1,149,"10:47:00",149,"2015-05-28","Visca",10.75659657,124.78594971,10.74367905,124.78675079,NA,1.43902614628351,"FAIL",NA
"L1040",994,"L1718",1036,890,102,0,0,"Fuzzy match","D0395","E0182","APCL13_057","D1785","E0182","APCL13_057",0.102822580645161,2846,4075,3.2,25,"14:24:45",25,"2013-05-23","Poroc Rose",2846,4075,3.2,25,"14:24:45",25,"2013-05-23","Poroc Rose",10.75499916,124.78512573,10.75499916,124.78512573,"FAIL",0,NA,NA
"L0423",1027,"L1719",1026,919,97,0,0,"Fuzzy match","D0425","E0212","APCL13_087","D1786","E0212","APCL13_087",0.0954724409448819,2882,4107,9.8,28,"15:40:45",28,"2013-05-24","Visca",2882,4107,9.8,28,"15:40:45",28,"2013-05-24","Visca",10.74347782,124.78665161,10.74347782,124.78665161,"FAIL",0.000134258785931453,NA,NA
"L0424",1037,"L0722",1036,988,47,0,0,"Fuzzy match","D0427","E0214","APCL13_089","D1039","E0791","APCL14_006",0.0454106280193237,2883,4108,7.9,28,"16:06:30",28,"2013-05-24","Visca",1866,2614,8.8,86,"15:49:30",86,"2014-06-07","Visca",10.74401379,124.78630066,10.74289894,124.7870636,NA,0.149380020137445,NA,NA
"L0425",1038,"L0427",1038,1038,0,0,3.88774757072713e-204,"Exact match","D0428","E0215","APCL13_090","D0439","E0226","APCL13_101",0,2883,4724,10.3,28,"16:06:30",28,"2013-05-24","Visca",2892,4116,6.1,29,"09:27:30",29,"2013-05-25","Sitio Tugas",10.74401379,124.78630066,10.80914021,124.76543427,NA,7.59196286274381,"FAIL","FAIL"
"L1072",1037,"L3137",1038,939,98,0,0,"Fuzzy match","D0441","E0228","APCL13_103","D3294","E2538","APCL15_369558",0.09450337512054,2893,4730,10.2,29,"09:49:30",29,"2013-05-25","Sitio Tugas",1655,1914,10.2,165,"14:20:00",165,"2015-06-05","Cabatuan",10.80638123,124.76611328,10.85484123,124.72779846,NA,6.82247966410312,"FAIL",NA
"L1084",1030,"L1092",1036,971,59,0,0,"Fuzzy match","D0458","E0245","APCL13_120","D0469","E0256","APCL13_131",0.0572815533980583,2907,4739,11.1,30,"12:55:15",30,"2013-05-25","Elementary School",2923,4141,10.7,31,"16:15:30",31,"2013-05-25","Elementary School",10.79913616,124.76850128,10.79891205,124.76868439,"FAIL",0.0319533089942015,NA,NA
"L0432",1035,"L1720",1034,959,73,0,0,"Fuzzy match","D0468","E0255","APCL13_130","D1787","E0255","APCL13_130",0.0707364341085271,2920,4139,6.8,31,"15:16:00",31,"2013-05-25","Elementary School",2920,4139,6.8,31,"15:16:00",31,"2013-05-25","Elementary School",10.79846382,124.76870728,10.79846382,124.76870728,"FAIL",0,NA,NA
"L1098",1038,"L0723",1035,964,71,0,0,"Fuzzy match","D0483","E0270","APCL13_145","D1040","E0819","APCL14_036",0.0685990338164251,2948,4763,9.6,32,"10:45:30",32,"2013-05-26","Tamakin Dacot",1916,3917,11.1,94,"11:34:00",94,"2014-06-12","Tamakin Dacot",10.65284348,124.78369904,10.65214634,124.78382111,NA,0.0786578331935258,NA,NA
"L0434",1037,"L0947",1018,931,86,0,0,"Fuzzy match","D0485","E0272","APCL13_147","D1137","E0815","APCL14_032",0.0845624385447394,2951,4168,11,32,"11:03:30",32,"2013-05-26","Tamakin Dacot",1913,2659,9.6,94,"11:14:00",94,"2014-06-12","Tamakin Dacot",10.65242672,124.78354645,10.65239716,124.78372192,NA,0.0194550199884923,NA,NA
"L0434",1037,"L1739",1019,919,99,0,0,"Fuzzy match","D0485","E0272","APCL13_147","D1800","E0815","APCL14_032",0.0972495088408644,2951,4168,11,32,"11:03:30",32,"2013-05-26","Tamakin Dacot",1913,2659,9.6,94,"11:14:00",94,"2014-06-12","Tamakin Dacot",10.65242672,124.78354645,10.65239716,124.78372192,NA,0.0194550199884923,NA,NA
"L0434",1037,"L2676",1026,922,103,0,0,"Fuzzy match","D0485","E0272","APCL13_147","D2835","E2477","APCL15_406357",0.100487804878049,2951,4168,11,32,"11:03:30",32,"2013-05-26","Tamakin Dacot",1730,1988,10.8,173,"10:51:00",173,"2015-06-11","Tamakin Dacot",10.65242672,124.78354645,10.65244579,124.78363037,NA,0.00941248889311285,NA,NA
"L1101",1038,"L1701",1035,1005,30,0,0,"Fuzzy match","D0488","E0275","APCL13_150","D1013","E0895","APCL14_126",0.0289855072463768,2955,4172,3.2,33,"12:04:15",33,"2013-05-26","Haina",2049,2788,8.1,99,"11:54:00",99,"2014-06-16","Haina, Punta",10.64080429,124.78508759,NA,NA,NA,NA,NA,NA
"L1102",1033,"L2348",1016,910,103,0,0,"Fuzzy match","D0490","E0277","APCL13_152","D1962","E0894","APCL14_125",0.101678183613031,2955,5056,5.2,33,"12:04:15",33,"2013-05-26","Haina",2047,2786,8.8,99,"11:38:00",99,"2014-06-16","Haina, Punta",10.64080429,124.78508759,NA,NA,NA,NA,NA,NA
"L1621",1019,"L0728",1038,938,81,0,0,"Fuzzy match","D0518","E0305","APCL13_181","D1058","E0907","APCL14_140",0.0794896957801766,2983,4778,4.2,34,"15:47:00",34,"2013-05-26","Sitio Baybayon",2076,2810,7.8,101,"15:56:00",101,"2014-06-16","Sitio Baybayon",10.63342381,124.77700806,10.63351631,124.77690887,NA,0.0149428882772867,NA,NA
"L0443",1029,"L3000",999,898,96,0,0,"Fuzzy match","D0541","E0328","APCL13_205","D3252","E0328","APCL13_205",0.096579476861167,3002,4212,10.3,35,"10:51:30",35,"2013-05-27","Palanas",3002,4212,10.3,35,"10:51:30",35,"2013-05-27","Palanas",10.87330437,124.71200562,10.87330437,124.71200562,"FAIL",0,NA,NA
"L0261",1037,"L1231",1036,938,97,0,0,"Fuzzy match","D0562","E0349","APCL13_226","D0960","E0758","APCL13_640",0.093719806763285,3018,4797,6.2,36,"12:25:30",36,"2013-05-27","Palanas",3732,4635,6.5,59,"14:08:00",59,"2013-06-04","Palanas",10.87348175,124.71215057,10.87334919,124.71222687,NA,0.0169315180985992,NA,NA
"L0344",1038,"L0691",1038,952,86,0,0,"Fuzzy match","D0649","E0436","APCL13_313","D0952","E0744","APCL13_626",0.0828516377649326,3292,4319,4.9,40,"14:45:50",40,"2013-05-28","Wangag",3709,4619,4.9,58,"12:44:00",58,"2013-06-04","Wangag",10.87150002,124.71417236,10.87152004,124.71416473,NA,0.00237528039623401,NA,NA
"L0357",1036,"L1721",1030,937,91,0,0,"Fuzzy match","D0669","E0456","APCL13_333","D1788","E0456","APCL13_333",0.0885214007782101,3345,4353,6.9,41,"09:49:30",41,"2013-05-29","Cabatuan",3345,4353,6.9,41,"09:49:30",41,"2013-05-29","Cabatuan",10.85534096,124.72686768,10.85534096,124.72686768,"FAIL",0,NA,NA
"L0370",1036,"L0742",1036,981,55,0,0,"Fuzzy match","D0687","E0474","APCL13_351","D1096","E1478","APCL14_445",0.0530888030888031,3360,4876,3.6,42,"11:52:00",42,"2013-05-29","Magbangon",2579,3194,4.2,115,"14:37:00",115,"2014-06-24","Wangag",10.85841274,124.72444153,10.87144566,124.71401978,NA,1.84265409647383,"FAIL",NA
"L0370",1036,"L3163",1036,944,92,0,0,"Fuzzy match","D0687","E0474","APCL13_351","D3259","E1478","APCL14_445",0.0888030888030888,3360,4876,3.6,42,"11:52:00",42,"2013-05-29","Magbangon",2579,3194,4.2,115,"14:37:00",115,"2014-06-24","Wangag",10.85841274,124.72444153,10.87144566,124.71401978,NA,1.84265409647383,"FAIL",NA
"L0377",1036,"L0974",1025,945,78,0,0,"Fuzzy match","D0698","E0485","APCL13_362","D1223","E1394","APCL14_555",0.0762463343108504,3374,4378,3.8,42,"13:09:40",42,"2013-05-29","Magbangon",2775,3752,3.6,130,"12:59:00",130,"2014-07-02","Magbangon",10.86077499,124.72209167,10.87424755,124.71091461,NA,1.93234836294572,"FAIL",NA
"L0377",1036,"L3120",1024,937,87,0,0,"Fuzzy match","D0698","E0485","APCL13_362","D3275","E1394","APCL14_555",0.0849609375,3374,4378,3.8,42,"13:09:40",42,"2013-05-29","Magbangon",2775,3752,3.6,130,"12:59:00",130,"2014-07-02","Magbangon",10.86077499,124.72209167,10.87424755,124.71091461,NA,1.93234836294572,"FAIL",NA
"L0846",1037,"L1238",1038,981,56,0,0,"Fuzzy match","D0783","E0570","APCL13_447","D1098","E1480","APCL14_447",0.0540019286403086,3506,4927,5.1,47,"09:19:30",47,"2013-05-31","Palanas",2581,3196,5.3,115,"14:45:00",115,"2014-06-24","Wangag",10.87384892,124.71058655,10.87144661,124.71394348,NA,0.453576105945781,"FAIL",NA
"L0846",1037,"L3159",1038,948,89,0,0,"Fuzzy match","D0783","E0570","APCL13_447","D3278","E1480","APCL14_447",0.085824493731919,3506,4927,5.1,47,"09:19:30",47,"2013-05-31","Palanas",2581,3196,5.3,115,"14:45:00",115,"2014-06-24","Wangag",10.87384892,124.71058655,10.87144661,124.71394348,NA,0.453576105945781,"FAIL",NA
"L2490",966,"L2909",1035,898,68,0,0,"Fuzzy match","D0789","E0576","APCL13_453","D3047","E2785","APCL15_375598",0.0703933747412008,3511,4929,2.4,47,"09:37:00",47,"2013-05-31","Palanas",1374,1654,9.1,152,"14:31:00",152,"2015-05-29","Palanas",10.87373924,124.71079254,10.87438774,124.71073151,NA,0.072417215296662,NA,NA
"L2490",966,"L3145",1035,882,84,0,0,"Fuzzy match","D0789","E0576","APCL13_453","D3273","E1483","APCL14_450",0.0869565217391304,3511,4929,2.4,47,"09:37:00",47,"2013-05-31","Palanas",2588,3688,4.4,115,"15:02:00",115,"2014-06-24","Wangag",10.87373924,124.71079254,10.87138939,124.71405029,NA,0.441391027320176,"FAIL",NA
"L0658",1036,"L0923",1038,987,49,0,0,"Fuzzy match","D0821","E0608","APCL13_485","D1052","E0871","APCL14_095",0.0472972972972973,3549,4944,2.7,49,"13:22:00",49,"2013-05-31","Palanas",1995,2736,7.5,98,"14:52:00",98,"2014-06-13","Palanas",10.87311363,124.71195984,10.8730669,124.71209717,NA,0.0158709559080593,NA,NA
"L0670",1036,"L0726",1036,997,37,0,0,"Fuzzy match","D0897","E0684","APCL13_565","D1045","E0832","APCL14_049",0.0357833655705996,3612,4561,9.6,55,"12:54:00",55,"2013-06-03","Sitio Baybayon",1934,2680,8.8,95,"15:44:00",95,"2014-06-12","Sitio Baybayon",10.63360119,124.77679443,10.63356972,124.77679443,NA,0.00350104080065571,NA,NA
"L0670",1036,"L1740",1031,936,93,0,0,"Fuzzy match","D0897","E0684","APCL13_565","D1801","E0832","APCL14_049",0.0903790087463557,3612,4561,9.6,55,"12:54:00",55,"2013-06-03","Sitio Baybayon",1934,2680,8.8,95,"15:44:00",95,"2014-06-12","Sitio Baybayon",10.63360119,124.77679443,10.63356972,124.77679443,NA,0.00350104080065571,NA,NA
"L1735",1029,"L0726",1036,933,94,0,0,"Fuzzy match","D1792","E0684","APCL13_565","D1045","E0832","APCL14_049",0.0915287244401169,3612,4561,9.6,55,"12:54:00",55,"2013-06-03","Sitio Baybayon",1934,2680,8.8,95,"15:44:00",95,"2014-06-12","Sitio Baybayon",10.63360119,124.77679443,10.63356972,124.77679443,NA,0.00350104080065571,NA,NA
"L1735",1029,"L1740",1031,974,48,0,0,"Fuzzy match","D1792","E0684","APCL13_565","D1801","E0832","APCL14_049",0.0469667318982387,3612,4561,9.6,55,"12:54:00",55,"2013-06-03","Sitio Baybayon",1934,2680,8.8,95,"15:44:00",95,"2014-06-12","Sitio Baybayon",10.63360119,124.77679443,10.63356972,124.77679443,NA,0.00350104080065571,NA,NA
"L0874",1011,"L0921",1038,954,57,0,0,"Fuzzy match","D0904","E0691","APCL13_572","D1049","E0842","APCL14_060",0.056379821958457,3618,4566,3,55,"13:16:00",55,"2013-06-03","Sitio Baybayon",1948,2693,8.5,95,"16:49:00",95,"2014-06-12","Sitio Baybayon",10.63368797,124.77679443,10.63393497,124.77667999,NA,0.0301786754472852,NA,NA
"L0677",1037,"L1736",1033,938,94,0,0,"Fuzzy match","D0915","E0702","APCL13_584","D1793","E0702","APCL13_584",0.0910852713178295,3628,4575,8.2,56,"14:11:30",56,"2013-06-03","Sitio Baybayon",3628,4575,8.2,56,"14:11:30",56,"2013-06-03","Sitio Baybayon",10.63399601,124.77671814,10.63399601,124.77671814,"FAIL",0,NA,NA
"L0677",1037,"L0730",1038,967,70,0,0,"Fuzzy match","D0915","E0702","APCL13_584","D1061","E0920","APCL14_153",0.0675024108003857,3628,4575,8.2,56,"14:11:30",56,"2013-06-03","Sitio Baybayon",2106,2833,8.4,101,"17:10:00",101,"2014-06-16","Sitio Baybayon",10.63399601,124.77671814,10.63294792,124.77696228,NA,0.119557392335749,NA,NA
"L1736",1033,"L0730",1038,930,103,0,0,"Fuzzy match","D1793","E0702","APCL13_584","D1061","E0920","APCL14_153",0.0997095837366893,3628,4575,8.2,56,"14:11:30",56,"2013-06-03","Sitio Baybayon",2106,2833,8.4,101,"17:10:00",101,"2014-06-16","Sitio Baybayon",10.63399601,124.77671814,10.63294792,124.77696228,NA,0.119557392335749,NA,NA
"L1736",1033,"L1741",1038,957,76,0,0,"Fuzzy match","D1793","E0702","APCL13_584","D1802","E0920","APCL14_153",0.0735721200387222,3628,4575,8.2,56,"14:11:30",56,"2013-06-03","Sitio Baybayon",2106,2833,8.4,101,"17:10:00",101,"2014-06-16","Sitio Baybayon",10.63399601,124.77671814,10.63294792,124.77696228,NA,0.119557392335749,NA,NA
"L0678",1038,"L1737",1025,942,83,0,0,"Fuzzy match","D0918","E0705","APCL13_587","D1794","E0705","APCL13_587",0.0809756097560976,3630,4577,9.1,56,"14:22:00",56,"2013-06-03","Sitio Baybayon",3630,4577,9.1,56,"14:22:00",56,"2013-06-03","Sitio Baybayon",10.63401985,124.7766571,10.63401985,124.7766571,"FAIL",0.000134258785931453,NA,NA
"L0678",1038,"L0737",1033,954,79,0,0,"Fuzzy match","D0918","E0705","APCL13_587","D1081","E1019","APCL14_253",0.0764762826718296,3630,4577,9.1,56,"14:22:00",56,"2013-06-03","Sitio Baybayon",2276,2976,9.3,110,"09:10:00",110,"2014-06-22","Sitio Baybayon",10.63401985,124.7766571,10.63399982,124.77661133,NA,0.00547588247054744,NA,NA
"L0678",1038,"L1705",969,891,78,0,0,"Fuzzy match","D0918","E0705","APCL13_587","D1112","E1350","APCL14_511",0.0804953560371517,3630,4577,9.1,56,"14:22:00",56,"2013-06-03","Sitio Baybayon",2702,3719,7,124,"11:52:00",124,"2014-06-29","San Agustin",10.63401985,124.7766571,10.76727009,124.7848053,NA,14.843473443209,"FAIL","FAIL"
"L1737",1025,"L0737",1033,932,88,0,0,"Fuzzy match","D1794","E0705","APCL13_587","D1081","E1019","APCL14_253",0.0862745098039216,3630,4577,9.1,56,"14:22:00",56,"2013-06-03","Sitio Baybayon",2276,2976,9.3,110,"09:10:00",110,"2014-06-22","Sitio Baybayon",10.63401985,124.7766571,10.63399982,124.77661133,NA,0.00547588247054744,NA,NA
"L1737",1025,"L1742",1023,944,67,0,0,"Fuzzy match","D1794","E0705","APCL13_587","D1803","E1019","APCL14_253",0.066271018793274,3630,4577,9.1,56,"14:22:00",56,"2013-06-03","Sitio Baybayon",2276,2976,9.3,110,"09:10:00",110,"2014-06-22","Sitio Baybayon",10.63401985,124.7766571,10.63399982,124.77661133,NA,0.00547588247054744,NA,NA
"L1737",1025,"L1705",969,863,95,0,0,"Fuzzy match","D1794","E0705","APCL13_587","D1112","E1350","APCL14_511",0.0991649269311065,3630,4577,9.1,56,"14:22:00",56,"2013-06-03","Sitio Baybayon",2702,3719,7,124,"11:52:00",124,"2014-06-29","San Agustin",10.63401985,124.7766571,10.76727009,124.7848053,NA,14.843473443209,"FAIL","FAIL"
"L0683",1036,"L1013",1037,990,45,0,0,"Fuzzy match","D0932","E0719","APCL13_601","D1405","E1034","APCL14_268",0.0434782608695652,3641,4997,5.3,57,"15:28:00",57,"2013-06-03","Sitio Baybayon",2292,3600,8.3,110,"10:09:00",110,"2014-06-22","Sitio Baybayon",10.6341114,124.77667999,10.63437366,124.77676392,NA,0.0305706400601294,NA,NA
"L2529",1038,"L3165",1037,973,64,0,0,"Fuzzy match","D1946","E0727","APCL13_609","D3260","E1385","APCL14_546",0.0617164898746384,3661,4596,4.2,58,"11:11:30",58,"2013-06-04","Wangag",2765,3746,8.1,130,"12:25:00",130,"2014-07-02","Magbangon",10.87010574,124.71531677,10.87440968,124.71067047,NA,0.697467479998818,"FAIL",NA
"L0884",1038,"L2253",994,892,102,0,0,"Fuzzy match","D0944","E0733","APCL13_615","D2230","E1251","APCL14_390",0.10261569416499,3675,4606,5.3,58,"11:44:30",58,"2013-06-04","Wangag",2473,3098,9.1,113,"15:16:00",113,"2014-06-23","Wangag",10.87079906,124.71453857,10.87137794,124.71421051,NA,0.0736658150874294,NA,NA
"L0884",1038,"L1282",1038,971,67,0,0,"Fuzzy match","D0944","E0733","APCL13_615","D1088","E1251","APCL14_390",0.0645472061657033,3675,4606,5.3,58,"11:44:30",58,"2013-06-04","Wangag",2473,3098,9.1,113,"15:16:00",113,"2014-06-23","Wangag",10.87079906,124.71453857,10.87137794,124.71421051,NA,0.0736658150874294,NA,NA
"L0979",1038,"L0980",1038,1004,34,0,0,"Fuzzy match","D1234","E0769","APCL13_651","D1234","E0769","APCL13_651",0.0327552986512524,3758,4656,7.7,60,"16:19:30",60,"2013-06-04","Magbangon",3758,4656,7.7,60,"16:19:30",60,"2013-06-04","Magbangon",10.86076832,124.72113037,10.86076832,124.72113037,"FAIL",0,NA,NA
"L0979",1038,"L1725",1035,985,50,0,0,"Fuzzy match","D1234","E0769","APCL13_651","D1796","E0769","APCL13_651",0.0483091787439614,3758,4656,7.7,60,"16:19:30",60,"2013-06-04","Magbangon",3758,4656,7.7,60,"16:19:30",60,"2013-06-04","Magbangon",10.86076832,124.72113037,10.86076832,124.72113037,"FAIL",0,NA,NA
"L0980",1038,"L1725",1035,975,60,0,0,"Fuzzy match","D1234","E0769","APCL13_651","D1796","E0769","APCL13_651",0.0579710144927536,3758,4656,7.7,60,"16:19:30",60,"2013-06-04","Magbangon",3758,4656,7.7,60,"16:19:30",60,"2013-06-04","Magbangon",10.86076832,124.72113037,10.86076832,124.72113037,"FAIL",0,NA,NA
"L0696",1038,"L0712",1037,990,47,0,0,"Fuzzy match","D0969","E0771","APCL13_653","D1080","E1010","APCL14_244",0.0453230472516876,3768,4660,3.6,60,"16:27:30",60,"2013-06-04","Magbangon",2265,2966,8.1,105,"15:33:00",105,"2014-06-18","Magbangon",10.86112881,124.72148132,10.86127186,124.72146606,NA,0.0159937099486868,NA,NA
"L0697",1036,"L0922",1037,990,46,0,0,"Fuzzy match","D0970","E0772","APCL13_654","D1051","E0867","APCL14_088",0.0444015444015444,3768,5017,3.1,60,"16:27:30",60,"2013-06-04","Magbangon",1985,2726,8.9,96,"11:33:00",96,"2014-06-13","Palanas",10.86112881,124.72148132,10.87285805,124.71187592,NA,1.67369385868366,"FAIL",NA
"L0697",1036,"L3128",1037,937,99,0,0,"Fuzzy match","D0970","E0772","APCL13_654","D3272","E0867","APCL14_088",0.0955598455598456,3768,5017,3.1,60,"16:27:30",60,"2013-06-04","Magbangon",1985,2726,8.9,96,"11:33:00",96,"2014-06-13","Palanas",10.86112881,124.72148132,10.87285805,124.71187592,NA,1.67369385868366,"FAIL",NA
"L0720",1037,"L2823",1037,940,97,0,0,"Fuzzy match","D1037","E0789","APCL14_004","D3165","E2886","APCL15_001",0.0935390549662488,1865,2613,10,86,"15:26:00",86,"2014-06-07","Visca",1318,1604,10.2,149,"10:40:00",149,"2015-05-28","Visca",10.74358177,124.78662109,10.74351978,124.78659058,NA,0.00765628310882746,NA,NA
"L0722",1036,"L1738",1022,950,72,0,0,"Fuzzy match","D1039","E0791","APCL14_006","D1799","E0791","APCL14_006",0.0704500978473581,1866,2614,8.8,86,"15:49:30",86,"2014-06-07","Visca",1866,2614,8.8,86,"15:49:30",86,"2014-06-07","Visca",10.74289894,124.7870636,10.74289894,124.7870636,"FAIL",9.49352979660034e-05,NA,NA
"L0722",1036,"L2716",1038,947,89,0,0,"Fuzzy match","D1039","E0791","APCL14_006","D2879","E2521","APCL15_372039",0.0859073359073359,1866,2614,8.8,86,"15:49:30",86,"2014-06-07","Visca",1678,2274,8.5,168,"14:20:00",168,"2015-06-07","San Agustin",10.74289894,124.7870636,10.7688818,124.78366089,NA,2.91297641347547,"FAIL",NA
"L0722",1036,"L3169",1036,956,80,0,0,"Fuzzy match","D1039","E0791","APCL14_006","D3293","E2521","APCL15_372039",0.0772200772200772,1866,2614,8.8,86,"15:49:30",86,"2014-06-07","Visca",1678,2274,8.5,168,"14:20:00",168,"2015-06-07","San Agustin",10.74289894,124.7870636,10.7688818,124.78366089,NA,2.91297641347547,"FAIL",NA
"L1738",1022,"L2716",1038,921,101,0,0,"Fuzzy match","D1799","E0791","APCL14_006","D2879","E2521","APCL15_372039",0.098825831702544,1866,2614,8.8,86,"15:49:30",86,"2014-06-07","Visca",1678,2274,8.5,168,"14:20:00",168,"2015-06-07","San Agustin",10.74289894,124.7870636,10.7688818,124.78366089,NA,2.91297641347547,"FAIL",NA
"L0947",1018,"L1739",1019,930,70,0,0,"Fuzzy match","D1137","E0815","APCL14_032","D1800","E0815","APCL14_032",0.07,1913,2659,9.6,94,"11:14:00",94,"2014-06-12","Tamakin Dacot",1913,2659,9.6,94,"11:14:00",94,"2014-06-12","Tamakin Dacot",10.65239716,124.78372192,10.65239716,124.78372192,"FAIL",0,NA,NA
"L0947",1018,"L2676",1026,911,95,0,0,"Fuzzy match","D1137","E0815","APCL14_032","D2835","E2477","APCL15_406357",0.0944333996023857,1913,2659,9.6,94,"11:14:00",94,"2014-06-12","Tamakin Dacot",1730,1988,10.8,173,"10:51:00",173,"2015-06-11","Tamakin Dacot",10.65239716,124.78372192,10.65244579,124.78363037,NA,0.0113720441112278,NA,NA
"L1739",1019,"L2676",1026,925,82,0,0,"Fuzzy match","D1800","E0815","APCL14_032","D2835","E2477","APCL15_406357",0.0814299900695134,1913,2659,9.6,94,"11:14:00",94,"2014-06-12","Tamakin Dacot",1730,1988,10.8,173,"10:51:00",173,"2015-06-11","Tamakin Dacot",10.65239716,124.78372192,10.65244579,124.78363037,NA,0.0113720441112278,NA,NA
"L1290",1037,"L2631",1038,960,77,0,0,"Fuzzy match","D1245","E0817","APCL14_034","D2771","E2413","APCL15_127",0.0742526518804243,1916,3389,7.2,94,"11:34:00",94,"2014-06-12","Tamakin Dacot",1737,2317,10.6,173,"12:09:00",173,"2015-06-11","Tamakin Dacot",10.65214634,124.78382111,10.65205574,124.78383636,NA,0.0102107315376125,NA,NA
"L1242",1038,"L2683",1038,936,102,0,0,"Fuzzy match","D1138","E0818","APCL14_035","D2844","E2486","APCL15_126",0.0982658959537572,1916,3772,8.5,94,"11:34:00",94,"2014-06-12","Tamakin Dacot",1737,1995,12.1,173,"12:09:00",173,"2015-06-11","Tamakin Dacot",10.65214634,124.78382111,10.65205574,124.78383636,NA,0.0102107315376125,NA,NA
"L0771",1038,"L2615",1036,942,94,0,0,"Fuzzy match","D1226","E0827","APCL14_044","D2748","E2390","APCL15_355853",0.0907335907335907,1930,2676,6.5,95,"15:16:00",95,"2014-06-12","Sitio Baybayon",1788,2358,9.1,177,"14:30:00",177,"2015-06-13","Sitio Baybayon",10.63362694,124.77679443,10.63364506,124.77680206,NA,0.00218144706613385,NA,NA
"L0726",1036,"L1740",1031,947,83,0,0,"Fuzzy match","D1045","E0832","APCL14_049","D1801","E0832","APCL14_049",0.0805825242718447,1934,2680,8.8,95,"15:44:00",95,"2014-06-12","Sitio Baybayon",1934,2680,8.8,95,"15:44:00",95,"2014-06-12","Sitio Baybayon",10.63356972,124.77679443,10.63356972,124.77679443,"FAIL",0,NA,NA
"L0727",1038,"L2612",1034,939,95,0,0,"Fuzzy match","D1046","E0833","APCL14_050","D2744","E2386","APCL15_354733",0.0918762088974855,1934,3403,9.5,95,"15:44:00",95,"2014-06-12","Sitio Baybayon",1783,2041,10,176,"12:26:00",176,"2015-06-13","Sitio Baybayon",10.63356972,124.77679443,10.63355732,124.77677155,NA,0.00285438094218417,NA,NA
"L2506",1038,"L2587",1038,996,42,0,0,"Fuzzy match","D1143","E0834","APCL14_051","D2715","E2357","APCL15_403045",0.0404624277456647,1937,2682,4.2,95,"15:56:00",95,"2014-06-12","Sitio Baybayon",1778,2036,9.7,176,"11:55:00",176,"2015-06-13","Sitio Baybayon",10.63356781,124.77675629,10.63345242,124.77677155,NA,0.0129387442631843,NA,NA
"L0895",1038,"L2792",1035,943,92,0,0,"Fuzzy match","D0992","E0847","APCL14_065","D3059","E2797","APCL15_402230",0.0888888888888889,1960,2702,6.3,96,"09:58:00",96,"2014-06-13","Palanas",1415,1692,10.1,154,"14:19:00",154,"2015-05-30","Palanas",10.87337399,124.71213531,10.87287807,124.71218872,NA,0.0554513979166296,NA,NA
"L0897",1036,"L2824",1038,942,94,0,0,"Fuzzy match","D0996","E0853","APCL14_071","D3166","E2887","APCL15_406037",0.0907335907335907,1967,3423,4.5,96,"10:22:00",96,"2014-06-13","Palanas",1423,1699,9.6,154,"14:47:00",154,"2015-05-30","Palanas",10.87313747,124.71217346,10.87304401,124.71218109,NA,0.0104256075241083,NA,NA
"L0898",1038,"L2899",1038,945,93,0,0,"Fuzzy match","D0999","E0857","APCL14_075","D3005","E2743","APCL15_405523",0.0895953757225433,1974,2715,6.3,96,"10:44:00",96,"2014-06-13","Palanas",1417,1694,10,154,"14:26:00",154,"2015-05-30","Palanas",10.87301064,124.71218872,10.87284946,124.71224976,NA,0.0191220995150315,NA,NA
"L0989",1035,"L2912",1035,946,89,0,0,"Fuzzy match","D1258","E0878","APCL14_107","D3054","E2792","APCL15_403062",0.0859903381642512,2003,2744,5,98,"15:41:00",98,"2014-06-13","Palanas",1394,2153,9.1,153,"11:09:00",153,"2015-05-30","Palanas",10.87355995,124.71167755,10.87364864,124.7114563,NA,0.0260952941580993,NA,NA
"L1335",1034,"L2608",1038,935,99,0,0,"Fuzzy match","D1227","E0913","APCL14_146","D2740","E2382","APCL15_404548",0.0957446808510638,2092,2823,8,101,"16:34:00",101,"2014-06-16","Sitio Baybayon",1771,2029,9.2,176,"11:20:00",176,"2015-06-13","Sitio Baybayon",10.63318062,124.77703857,10.63319778,124.77694702,NA,0.0101851019291316,NA,NA
"L1284",1038,"L2576",1038,948,90,0,0,"Fuzzy match","D1156","E0915","APCL14_148","D2702","E2352","APCL15_403603",0.0867052023121387,2093,2824,7,101,"16:41:00",101,"2014-06-16","Sitio Baybayon",1766,2492,9.6,176,"10:59:00",176,"2015-06-13","Sitio Baybayon",10.63313866,124.7770462,10.63310909,124.77706146,NA,0.00368784226846,NA,NA
"L2441",1034,"L2955",1007,950,57,0,0,"Fuzzy match","D1887","E1018","APCL14_252","D3199","E2920","APCL15_372245",0.0566037735849057,2275,3589,7,110,"09:02:00",110,"2014-06-22","Sitio Baybayon",1806,2063,9.2,178,"09:52:00",178,"2015-06-14","Sitio Baybayon",10.63396645,124.7766037,10.63406181,124.77655792,NA,0.0117247975603342,NA,NA
"L0737",1033,"L1742",1023,924,94,0,0,"Fuzzy match","D1081","E1019","APCL14_253","D1803","E1019","APCL14_253",0.0923379174852652,2276,2976,9.3,110,"09:10:00",110,"2014-06-22","Sitio Baybayon",2276,2976,9.3,110,"09:10:00",110,"2014-06-22","Sitio Baybayon",10.63399982,124.77661133,10.63399982,124.77661133,"FAIL",0,NA,NA
"L1192",966,"L2837",1038,863,103,0,0,"Fuzzy match","D1362","E1028","APCL14_262","D3181","E2902","APCL15_371727",0.106625258799172,2285,3596,6.8,110,"09:47:00",110,"2014-06-22","Sitio Baybayon",1824,2080,8.8,178,"11:21:00",178,"2015-06-14","Sitio Baybayon",10.63428116,124.77668762,10.63424301,124.77680969,NA,0.0139983698412126,NA,NA
"L2444",1038,"L2984",1027,934,93,0,0,"Fuzzy match","D2199","E1068","APCL14_302","D3290","E1068","APCL14_302",0.0905550146056475,2322,3020,4.5,111,"14:17:00",111,"2014-06-22","Sitio Baybayon",2322,3020,4.5,111,"14:17:00",111,"2014-06-22","Sitio Baybayon",10.63485241,124.77625275,10.63485241,124.77625275,"FAIL",0,NA,NA
"L1728",1036,"L0806",1029,967,60,0,0,"Fuzzy match","D1804","E1072","APCL14_307","D1357","E1072","APCL14_307",0.0584225900681597,2328,3026,4.8,111,"14:40:00",111,"2014-06-22","Sitio Baybayon",2328,3026,4.8,111,"14:40:00",111,"2014-06-22","Sitio Baybayon",10.63503456,124.77622223,10.63503456,124.77622223,"FAIL",0,NA,NA
"L0597",966,"L1748",1023,883,79,0,0,"Fuzzy match","D1389","E1073","APCL14_308","D1813","E1073","APCL14_308",0.0821205821205821,2329,3027,6.3,111,"14:44:00",111,"2014-06-22","Sitio Baybayon",2329,3027,6.3,111,"14:44:00",111,"2014-06-22","Sitio Baybayon",10.63504124,124.7762146,10.63504124,124.7762146,"FAIL",0.000134258785931453,NA,NA
"L0597",966,"L1300",1038,866,100,0,0,"Fuzzy match","D1389","E1073","APCL14_308","D1358","E1073","APCL14_308",0.10351966873706,2329,3027,6.3,111,"14:44:00",111,"2014-06-22","Sitio Baybayon",2329,3027,6.3,111,"14:44:00",111,"2014-06-22","Sitio Baybayon",10.63504124,124.7762146,10.63504124,124.7762146,"FAIL",0.000134258785931453,NA,NA
"L1748",1023,"L1300",1038,956,67,0,0,"Fuzzy match","D1813","E1073","APCL14_308","D1358","E1073","APCL14_308",0.0654936461388074,2329,3027,6.3,111,"14:44:00",111,"2014-06-22","Sitio Baybayon",2329,3027,6.3,111,"14:44:00",111,"2014-06-22","Sitio Baybayon",10.63504124,124.7762146,10.63504124,124.7762146,"FAIL",0.000134258785931453,NA,NA
"L2445",1038,"L2786",1038,988,50,0,0,"Fuzzy match","D2202","E1094","APCL14_329","D3048","E2786","APCL15_404313",0.0481695568400771,2520,3139,4.4,114,"09:22:00",114,"2014-06-24","Wangag",1475,1742,9.2,157,"14:56:00",157,"2015-05-31","Wangag",10.87151146,124.71418762,10.8714962,124.71412659,NA,0.00687740549028829,NA,NA
"L2399",1034,"L3070",998,926,68,0,0,"Fuzzy match","D2203","E1097","APCL14_332","D3082","E2820","APCL15_404653",0.06841046277666,2526,3671,3.6,114,"09:38:00",114,"2014-06-24","Wangag",1443,1715,9.3,156,"11:11:00",156,"2015-05-31","Wangag",10.87146568,124.71404266,10.87141991,124.71398926,NA,0.00773941057032782,NA,NA
"L0794",1038,"L2349",1038,935,103,0,0,"Fuzzy match","D1298","E1207","APCL14_346","D2205","E1207","APCL14_346",0.0992292870905588,2547,3165,5.1,114,"10:36:00",114,"2014-06-24","Wangag",2547,3165,5.1,114,"10:36:00",114,"2014-06-24","Wangag",10.87164402,124.7140274,10.87164402,124.7140274,"FAIL",9.49352979660034e-05,NA,NA
"L2448",1028,"L3121",1007,915,82,0,0,"Fuzzy match","D2214","E1218","APCL14_357","D3263","E1218","APCL14_357",0.082246740220662,2361,3053,9.4,112,"09:45:00",112,"2014-06-23","Wangag",2361,3053,9.4,112,"09:45:00",112,"2014-06-23","Wangag",10.86909676,124.71640778,10.86909676,124.71640778,"FAIL",0,NA,NA
"L2451",1037,"L0824",958,856,102,0,0,"Fuzzy match","D2221","E1240","APCL14_379","D1455","E1240","APCL14_379",0.106471816283925,2396,3080,9,112,"11:52:00",112,"2014-06-23","Wangag",2396,3080,9,112,"11:52:00",112,"2014-06-23","Wangag",10.86990833,124.71581268,10.86990833,124.71581268,"FAIL",0,NA,NA
"L0738",1038,"L2250",944,847,97,0,0,"Fuzzy match","D1085","E1245","APCL14_384","D2224","E1245","APCL14_384",0.102754237288136,2407,3089,8,113,"14:30:00",113,"2014-06-23","Wangag",2407,3089,8,113,"14:30:00",113,"2014-06-23","Wangag",10.87054062,124.71481323,10.87054062,124.71481323,"FAIL",9.49352979660034e-05,NA,NA
"L2250",944,"L2904",1029,853,89,0,0,"Fuzzy match","D2224","E1245","APCL14_384","D3019","E2757","APCL15_405940",0.09447983014862,2407,3089,8,113,"14:30:00",113,"2014-06-23","Wangag",1417,2167,10.2,154,"14:26:00",154,"2015-05-30","Palanas",10.87054062,124.71481323,10.87284946,124.71224976,NA,0.379830420617214,"FAIL",NA
"L2250",944,"L3111",1038,848,96,0,0,"Fuzzy match","D2224","E1245","APCL14_384","D3302","E2757","APCL15_405940",0.101694915254237,2407,3089,8,113,"14:30:00",113,"2014-06-23","Wangag",1417,2167,10.2,154,"14:26:00",154,"2015-05-30","Palanas",10.87054062,124.71481323,10.87284946,124.71224976,NA,0.379830420617214,"FAIL",NA
"L2250",944,"L3154",1038,869,75,0,0,"Fuzzy match","D2224","E1245","APCL14_384","D3258","E1245","APCL14_384",0.0794491525423729,2407,3089,8,113,"14:30:00",113,"2014-06-23","Wangag",2407,3089,8,113,"14:30:00",113,"2014-06-23","Wangag",10.87054062,124.71481323,10.87054062,124.71481323,"FAIL",9.49352979660034e-05,NA,NA
"L2452",1038,"L0805",1038,946,92,0,0,"Fuzzy match","D2229","E1250","APCL14_389","D1457","E1250","APCL14_389",0.0886319845857418,2470,3096,3.7,113,"15:09:00",113,"2014-06-23","Wangag",2470,3096,3.7,113,"15:09:00",113,"2014-06-23","Wangag",10.87132359,124.71421814,10.87132359,124.71421814,"FAIL",0.000134258785931453,NA,NA
"L2452",1038,"L2777",1038,996,42,0,0,"Fuzzy match","D2229","E1250","APCL14_389","D3002","E2740","APCL15_406164",0.0404624277456647,2470,3096,3.7,113,"15:09:00",113,"2014-06-23","Wangag",1457,1726,8.6,156,"12:17:00",156,"2015-05-31","Wangag",10.87132359,124.71421814,10.87146378,124.71398163,NA,0.0301665778996853,NA,NA
"L2253",994,"L2756",1031,929,60,0,0,"Fuzzy match","D2230","E1251","APCL14_390","D2955","E2597","APCL15_406954",0.0606673407482305,2473,3098,9.1,113,"15:16:00",113,"2014-06-23","Wangag",1472,2196,8.8,157,"14:43:00",157,"2015-05-31","Wangag",10.87137794,124.71421051,10.87138367,124.71414948,NA,0.00669411667788039,NA,NA
"L2254",985,"L0935",1034,883,100,0,0,"Fuzzy match","D2231","E1252","APCL14_391","D1089","E1252","APCL14_391",0.101729399796541,2472,3097,6.4,113,"15:15:00",113,"2014-06-23","Wangag",2472,3097,6.4,113,"15:15:00",113,"2014-06-23","Wangag",10.87137032,124.71421051,10.87137032,124.71421051,"FAIL",0,NA,NA
"L2254",985,"L2790",1038,930,55,0,0,"Fuzzy match","D2231","E1252","APCL14_391","D3056","E2794","APCL15_399551",0.0558375634517767,2472,3097,6.4,113,"15:15:00",113,"2014-06-23","Wangag",1472,1740,8.7,157,"14:43:00",157,"2015-05-31","Wangag",10.87137032,124.71421051,10.87138367,124.71414948,NA,0.00682676552594679,NA,NA
"L0739",1037,"L2927",1037,951,86,0,0,"Fuzzy match","D1090","E1259","APCL14_398","D3109","E2654","APCL15_374339",0.0829315332690453,2481,3106,8.1,113,"15:45:00",113,"2014-06-23","Wangag",1487,1752,9.6,158,"10:15:00",158,"2015-06-01","Wangag",10.87150002,124.71425629,10.87152195,124.71424866,NA,0.00257553007140704,NA,NA
"L0798",1038,"L1341",1038,944,94,0,0,"Fuzzy match","D1305","E1284","APCL14_423","D1315","E1284","APCL14_423",0.0905587668593449,2553,3170,5.5,114,"10:54:00",114,"2014-06-24","Wangag",2553,3170,5.5,114,"10:54:00",114,"2014-06-24","Wangag",10.87169743,124.71398926,10.87169743,124.71398926,"FAIL",9.49352979660034e-05,NA,NA
"L0798",1038,"L1746",1012,952,60,0,0,"Fuzzy match","D1305","E1284","APCL14_423","D1811","E1284","APCL14_423",0.0592885375494071,2553,3170,5.5,114,"10:54:00",114,"2014-06-24","Wangag",2553,3170,5.5,114,"10:54:00",114,"2014-06-24","Wangag",10.87169743,124.71398926,10.87169743,124.71398926,"FAIL",9.49352979660034e-05,NA,NA
"L0799",1038,"L1747",1030,970,60,0,0,"Fuzzy match","D1306","E1285","APCL14_424","D1812","E1285","APCL14_424",0.058252427184466,2554,3171,5.2,114,"10:58:00",114,"2014-06-24","Wangag",2554,3171,5.2,114,"10:58:00",114,"2014-06-24","Wangag",10.87169361,124.71395111,10.87169361,124.71395111,"FAIL",0,NA,NA
"L1005",1038,"L1729",1037,990,47,0,0,"Fuzzy match","D1307","E1286","APCL14_425","D1805","E1286","APCL14_425",0.0453230472516876,2555,3172,5.2,114,"11:04:00",114,"2014-06-24","Wangag",2555,3172,5.2,114,"11:04:00",114,"2014-06-24","Wangag",10.87170124,124.71392059,10.87170124,124.71392059,"FAIL",0.000134258785931453,NA,NA
"L0963",1036,"L2799",1038,939,97,0,0,"Fuzzy match","D1186","E1264","APCL14_403","D3080","E2818","APCL15_403393",0.0936293436293436,2485,3662,4.3,113,"15:58:00",113,"2014-06-23","Wangag",1459,1728,7.7,157,"13:48:00",157,"2015-05-31","Wangag",10.87155056,124.71425629,10.87154007,124.71411896,NA,0.0150417782167083,NA,NA
"L2453",1038,"L2776",1038,986,52,0,0,"Fuzzy match","D2232","E1266","APCL14_405","D3001","E2739","APCL15_399614",0.0500963391136802,2487,3112,4.2,113,"16:07:00",113,"2014-06-23","Wangag",1459,2190,9,157,"13:48:00",157,"2015-05-31","Wangag",10.87151909,124.71418762,10.87154007,124.71411896,NA,0.00785213057596992,NA,NA
"L0761",1037,"L2753",1003,900,102,0,0,"Fuzzy match","D1191","E1275","APCL14_414","D2945","E2587","APCL15_403913",0.101796407185629,2494,3666,4.4,113,"16:45:00",113,"2014-06-23","Wangag",1477,1743,7.9,157,"15:03:00",157,"2015-05-31","Wangag",10.87147808,124.71405029,10.87143135,124.71407318,NA,0.00576531676753418,NA,NA
"L1237",1038,"L3037",1024,935,89,0,0,"Fuzzy match","D1093","E1277","APCL14_416","D3020","E2758","APCL15_402189",0.0869140625,2496,3668,9.1,113,"16:54:00",113,"2014-06-23","Wangag",1415,2166,10.3,154,"14:19:00",154,"2015-05-30","Palanas",10.8714447,124.7140274,10.87287807,124.71218872,NA,0.256352377236343,"FAIL",NA
"L0804",1038,"L2781",1038,947,91,0,0,"Fuzzy match","D1314","E1281","APCL14_420","D3032","E2770","APCL15_403391",0.0876685934489403,2497,3669,3.6,113,"16:59:00",113,"2014-06-23","Wangag",1446,1717,8.3,156,"11:22:00",156,"2015-05-31","Wangag",10.8714304,124.71401978,10.87141514,124.71401215,NA,0.00188918857628295,NA,NA
"L1341",1038,"L1746",1012,912,100,0,0,"Fuzzy match","D1315","E1284","APCL14_423","D1811","E1284","APCL14_423",0.0988142292490119,2553,3170,5.5,114,"10:54:00",114,"2014-06-24","Wangag",2553,3170,5.5,114,"10:54:00",114,"2014-06-24","Wangag",10.87169743,124.71398926,10.87169743,124.71398926,"FAIL",9.49352979660034e-05,NA,NA
"L1343",930,"L1729",1037,832,97,0,0,"Fuzzy match","D1317","E1286","APCL14_425","D1805","E1286","APCL14_425",0.104413347685684,2555,3172,5.2,114,"11:04:00",114,"2014-06-24","Wangag",2555,3172,5.2,114,"11:04:00",114,"2014-06-24","Wangag",10.87170124,124.71392059,10.87170124,124.71392059,"FAIL",0.000134258785931453,NA,NA
"L2539",1037,"L2922",973,889,84,0,0,"Fuzzy match","D2233","E1288","APCL14_427","D3081","E2819","APCL15_406108",0.0863309352517986,2557,3679,3.7,114,"11:08:00",114,"2014-06-24","Wangag",1449,2187,8.4,156,"11:36:00",156,"2015-05-31","Wangag",10.87168789,124.71389771,10.87139511,124.71405029,NA,0.0365715363362974,NA,NA
"L0742",1036,"L3163",1036,937,99,0,0,"Fuzzy match","D1096","E1478","APCL14_445","D3259","E1478","APCL14_445",0.0955598455598456,2579,3194,4.2,115,"14:37:00",115,"2014-06-24","Wangag",2579,3194,4.2,115,"14:37:00",115,"2014-06-24","Wangag",10.87144566,124.71401978,10.87144566,124.71401978,"FAIL",0,NA,NA
"L1238",1038,"L3159",1038,937,101,0,0,"Fuzzy match","D1098","E1480","APCL14_447","D3278","E1480","APCL14_447",0.0973025048169557,2581,3196,5.3,115,"14:45:00",115,"2014-06-24","Wangag",2581,3196,5.3,115,"14:45:00",115,"2014-06-24","Wangag",10.87144661,124.71394348,10.87144661,124.71394348,"FAIL",0,NA,NA
"L0936",1032,"L2909",1035,937,95,0,0,"Fuzzy match","D1100","E1483","APCL14_450","D3047","E2785","APCL15_375598",0.0920542635658915,2588,3688,4.4,115,"15:02:00",115,"2014-06-24","Wangag",1374,1654,9.1,152,"14:31:00",152,"2015-05-29","Palanas",10.87138939,124.71405029,10.87438774,124.71073151,NA,0.492437846375171,"FAIL",NA
"L0744",1038,"L1754",970,905,65,0,0,"Fuzzy match","D1102","E1485","APCL14_452","D1820","E1485","APCL14_452",0.0670103092783505,2599,3208,7.7,117,"09:22:00",117,"2014-06-26","Magbangon",2599,3208,7.7,117,"09:22:00",117,"2014-06-26","Magbangon",10.85982227,124.72268677,10.85982227,124.72268677,"FAIL",0.000134258785931453,NA,NA
"L0764",1038,"L3139",1038,944,94,0,0,"Fuzzy match","D1195","E1488","APCL14_455","D3261","E1488","APCL14_455",0.0905587668593449,2605,3213,4.6,117,"09:44:00",117,"2014-06-26","Magbangon",2605,3213,4.6,117,"09:44:00",117,"2014-06-26","Magbangon",10.85980606,124.72263336,10.85980606,124.72263336,"FAIL",0,NA,NA
"L1241",1034,"L3132",1038,947,87,0,0,"Fuzzy match","D1130","E1388","APCL14_549","D3297","E2632","APCL15_403215",0.0841392649903288,2769,3337,8.3,130,"12:41:00",130,"2014-07-02","Magbangon",1473,1741,9.2,157,"14:50:00",157,"2015-05-31","Wangag",10.87438679,124.71078491,10.87141895,124.71418762,NA,0.496962092662844,"FAIL",NA
"L2392",1037,"L2772",1019,956,62,0,0,"Fuzzy match","D1130","E1388","APCL14_549","D2990","E2632","APCL15_403215",0.0609037328094303,2769,3337,8.3,130,"12:41:00",130,"2014-07-02","Magbangon",1473,1741,9.2,157,"14:50:00",157,"2015-05-31","Wangag",10.87438679,124.71078491,10.87141895,124.71418762,NA,0.496962092662844,"FAIL",NA
"L2392",1037,"L3132",1038,972,65,0,0,"Fuzzy match","D1130","E1388","APCL14_549","D3297","E2632","APCL15_403215",0.0626808100289296,2769,3337,8.3,130,"12:41:00",130,"2014-07-02","Magbangon",1473,1741,9.2,157,"14:50:00",157,"2015-05-31","Wangag",10.87438679,124.71078491,10.87141895,124.71418762,NA,0.496962092662844,"FAIL",NA
"L1288",1037,"L3112",1036,949,87,0,0,"Fuzzy match","D1225","E1397","APCL14_558","D3296","E2617","APCL15_355704",0.083976833976834,2778,3346,4.7,130,"13:12:00",130,"2014-07-02","Magbangon",1633,1892,8.6,163,"15:09:00",163,"2015-06-04","Magbangon",10.87435341,124.71061707,10.86088943,124.72187042,NA,1.93688342297638,"FAIL",NA
"L1288",1037,"L3156",1036,941,95,0,0,"Fuzzy match","D1225","E1397","APCL14_558","D3282","E1397","APCL14_558",0.0916988416988417,2778,3346,4.7,130,"13:12:00",130,"2014-07-02","Magbangon",2778,3346,4.7,130,"13:12:00",130,"2014-07-02","Magbangon",10.87435341,124.71061707,10.87435341,124.71061707,"FAIL",0.000134258785931453,NA,NA
"L0805",1038,"L2777",1038,950,88,0,0,"Fuzzy match","D1457","E1250","APCL14_389","D3002","E2740","APCL15_406164",0.0847784200385356,2470,3096,3.7,113,"15:09:00",113,"2014-06-23","Wangag",1457,1726,8.6,156,"12:17:00",156,"2015-05-31","Wangag",10.87132359,124.71421814,10.87146378,124.71398163,NA,0.0301665778996853,NA,NA
"L0935",1034,"L2790",1038,934,100,0,0,"Fuzzy match","D1089","E1252","APCL14_391","D3056","E2794","APCL15_399551",0.0967117988394584,2472,3097,6.4,113,"15:15:00",113,"2014-06-23","Wangag",1472,1740,8.7,157,"14:43:00",157,"2015-05-31","Wangag",10.87137032,124.71421051,10.87138367,124.71414948,NA,0.00682676552594679,NA,NA
"L2716",1038,"L3169",1036,997,39,0,0,"Fuzzy match","D2879","E2521","APCL15_372039","D3293","E2521","APCL15_372039",0.0376447876447876,1678,2274,8.5,168,"14:20:00",168,"2015-06-07","San Agustin",1678,2274,8.5,168,"14:20:00",168,"2015-06-07","San Agustin",10.7688818,124.78366089,10.7688818,124.78366089,"FAIL",0,NA,NA
"L2872",1038,"L3123",1038,993,45,0,0,"Fuzzy match","D2716","E2358","APCL15_143","D3310","E2973","APCL16_006",0.0433526011560694,1790,2048,4.6,177,"14:41:00",177,"2015-06-13","Sitio Baybayon",25,17,7.7,212,"11:15:00",212,"2016-05-12","Sitio Baybayon",10.633708,124.77677917,10.63361549,124.77680206,NA,0.0105864563852455,NA,NA
"L2882",1031,"L3058",1010,932,71,0,0,"Fuzzy match","D2806","E2448","APCL15_355180","D3300","E2448","APCL15_355180",0.0707876370887338,1666,1925,9.9,166,"10:25:00",166,"2015-06-07","Hicgop South",1666,1925,9.9,166,"10:25:00",166,"2015-06-07","Hicgop South",10.80922508,124.76528931,10.80922508,124.76528931,"FAIL",0,NA,NA
"L2772",1019,"L3132",1038,948,71,0,0,"Fuzzy match","D2990","E2632","APCL15_403215","D3297","E2632","APCL15_403215",0.0696761530912659,1473,1741,9.2,157,"14:50:00",157,"2015-05-31","Wangag",1473,1741,9.2,157,"14:50:00",157,"2015-05-31","Wangag",10.87141895,124.71418762,10.87141895,124.71418762,"FAIL",0.000134258785931453,NA,NA
"L2834",1026,"L3157",1038,951,75,0,0,"Fuzzy match","D3178","E2899","APCL15_373375","D3339","E3003","APCL16_035",0.0730994152046784,1334,2531,10.3,151,"10:44:00",151,"2015-05-29","Palanas",78,59,10.7,214,"10:35:00",214,"2016-05-13","Palanas",10.87439919,124.71057892,10.87443924,124.71057129,NA,0.0045301150638101,NA,NA
"L2935",1034,"L3133",1037,975,58,0,0,"Fuzzy match","D3142","E2852","APCL15_371404","D3304","E2852","APCL15_371404",0.0561471442400774,1319,2527,10.1,149,"10:47:00",149,"2015-05-28","Visca",1319,2527,10.1,149,"10:47:00",149,"2015-05-28","Visca",10.74367905,124.78675079,10.74367905,124.78675079,"FAIL",0,NA,NA
"L2815",1035,"L3000",999,901,98,0,0,"Fuzzy match","D3127","E2836","APCL15_371477","D3252","E0328","APCL13_205",0.0980980980980981,1320,2528,11.2,149,"11:10:00",149,"2015-05-28","Visca",3002,4212,10.3,35,"10:51:30",35,"2013-05-27","Palanas",10.74341583,124.78691101,10.87330437,124.71200562,NA,16.5991868907321,"FAIL",NA
"L2815",1035,"L3113",1033,951,80,0,0,"Fuzzy match","D3127","E2836","APCL15_371477","D3303","E0792","APCL14_007",0.0775945683802134,1320,2528,11.2,149,"11:10:00",149,"2015-05-28","Visca",1866,3354,10.2,86,"15:49:30",86,"2014-06-07","Visca",10.74341583,124.78691101,10.74289894,124.7870636,NA,0.0598441878072997,NA,NA
"L2608",1038,"L3160",1036,978,58,0,0,"Fuzzy match","D2740","E2382","APCL15_404548","D3326","E2990","APCL16_022",0.055984555984556,1771,2029,9.2,176,"11:20:00",176,"2015-06-13","Sitio Baybayon",51,767,9.8,213,"14:44:00",213,"2016-05-12","Sitio Baybayon",10.63319778,124.77694702,10.63314342,124.77697754,NA,0.00690291257362017,NA,NA
"L2731",1020,"L3137",1038,956,64,0,0,"Fuzzy match","D2896","E2538","APCL15_369558","D3294","E2538","APCL15_369558",0.0627450980392157,1655,1914,10.2,165,"14:20:00",165,"2015-06-05","Cabatuan",1655,1914,10.2,165,"14:20:00",165,"2015-06-05","Cabatuan",10.85484123,124.72779846,10.85484123,124.72779846,"FAIL",0,NA,NA
"L2829",1038,"L3164",1037,972,65,0,0,"Fuzzy match","D3173","E2894","APCL15_371588","D3337","E3001","APCL16_033",0.0626808100289296,1334,1618,9.1,151,"10:44:00",151,"2015-05-29","Palanas",76,58,9.5,214,"10:32:00",214,"2016-05-13","Palanas",10.87439919,124.71057892,10.87442684,124.71057129,NA,0.0031856415932557,NA,NA
"L2909",1035,"L3145",1035,1000,35,0,0,"Fuzzy match","D3047","E2785","APCL15_375598","D3273","E1483","APCL14_450",0.0338164251207729,1374,1654,9.1,152,"14:31:00",152,"2015-05-29","Palanas",2588,3688,4.4,115,"15:02:00",115,"2014-06-24","Wangag",10.87438774,124.71073151,10.87138939,124.71405029,NA,0.492437846375171,"FAIL",NA
"L2900",1033,"L3024",997,893,99,0,0,"Fuzzy match","D3006","E2744","APCL15_401656","D3301","E2744","APCL15_401656",0.0997983870967742,1399,1677,8.6,153,"11:35:00",153,"2015-05-30","Palanas",1399,1677,8.6,153,"11:35:00",153,"2015-05-30","Palanas",10.87310314,124.71166229,10.87310314,124.71166229,"FAIL",0.000134258785931453,NA,NA
"L2900",1033,"L3141",1023,928,90,0,0,"Fuzzy match","D3006","E2744","APCL15_401656","D3254","E1108","APCL14_343",0.0884086444007859,1399,1677,8.6,153,"11:35:00",153,"2015-05-30","Palanas",2543,3161,4.5,114,"10:21:00",114,"2014-06-24","Wangag",10.87310314,124.71166229,10.87157345,124.713974,NA,0.304394485109912,"FAIL",NA
"L2764",994,"L3112",1036,893,99,0,0,"Fuzzy match","D2975","E2617","APCL15_355704","D3296","E2617","APCL15_355704",0.0997983870967742,1633,1892,8.6,163,"15:09:00",163,"2015-06-04","Magbangon",1633,1892,8.6,163,"15:09:00",163,"2015-06-04","Magbangon",10.86088943,124.72187042,10.86088943,124.72187042,"FAIL",0,NA,NA
"L2764",994,"L3156",1036,909,84,0,0,"Fuzzy match","D2975","E2617","APCL15_355704","D3282","E1397","APCL14_558",0.0845921450151057,1633,1892,8.6,163,"15:09:00",163,"2015-06-04","Magbangon",2778,3346,4.7,130,"13:12:00",130,"2014-07-02","Magbangon",10.86088943,124.72187042,10.87435341,124.71061707,NA,1.93688342297638,"FAIL",NA
"L2601",1033,"L3147",1033,991,42,0,0,"Fuzzy match","D2731","E2373","APCL15_403708","D3307","E2970","APCL16_003",0.0406582768635044,1775,2033,8.7,176,"11:51:00",176,"2015-06-13","Sitio Baybayon",15,748,9.9,212,"10:43:00",212,"2016-05-12","Sitio Baybayon",10.63339424,124.77683258,10.63335037,124.77684784,NA,0.00515543248902441,NA,NA
"L2754",1027,"L3122",1032,934,87,0,0,"Fuzzy match","D2946","E2588","APCL15_402724","D3274","E1382","APCL14_543",0.0852105778648384,1480,1746,8.8,157,"15:18:00",157,"2015-05-31","Wangag",2762,3332,8.9,130,"11:52:00",130,"2014-07-02","Magbangon",10.87136459,124.71395874,10.85840797,124.72428894,NA,1.82980885002569,"FAIL",NA
"L2754",1027,"L3138",1038,961,66,0,0,"Fuzzy match","D2946","E2588","APCL15_402724","D3295","E2588","APCL15_402724",0.0642648490749757,1480,1746,8.8,157,"15:18:00",157,"2015-05-31","Wangag",1480,1746,8.8,157,"15:18:00",157,"2015-05-31","Wangag",10.87136459,124.71395874,10.87136459,124.71395874,"FAIL",0.000134258785931453,NA,NA
"L2837",1038,"L3151",1035,984,51,0,0,"Fuzzy match","D3181","E2902","APCL15_371727","D3299","E2931","APCL15_373943",0.0492753623188406,1824,2080,8.8,178,"11:21:00",178,"2015-06-14","Sitio Baybayon",1366,1646,9.2,152,"14:03:00",152,"2015-05-29","Palanas",10.63424301,124.77680969,10.87429047,124.71089172,NA,27.646346632276,"FAIL",NA
"L2818",1020,"L3127",1038,961,59,0,0,"Fuzzy match","D3141","E2851","APCL15_372744","D3284","E1297","APCL14_436",0.057843137254902,1382,1662,9.6,152,"15:25:00",152,"2015-05-29","Palanas",2564,3180,5,115,"13:30:00",115,"2014-06-24","Wangag",10.87388039,124.71073914,10.87184334,124.71381378,NA,0.405009391749787,"FAIL",NA
"L2818",1020,"L3140",1034,957,62,0,0,"Fuzzy match","D3141","E2851","APCL15_372744","D3298","E2851","APCL15_372744",0.0608439646712463,1382,1662,9.6,152,"15:25:00",152,"2015-05-29","Palanas",1382,1662,9.6,152,"15:25:00",152,"2015-05-29","Palanas",10.87388039,124.71073914,10.87388039,124.71073914,"FAIL",0,NA,NA
"L2904",1029,"L3111",1038,944,85,0,0,"Fuzzy match","D3019","E2757","APCL15_405940","D3302","E2757","APCL15_405940",0.0826044703595724,1417,2167,10.2,154,"14:26:00",154,"2015-05-30","Palanas",1417,2167,10.2,154,"14:26:00",154,"2015-05-30","Palanas",10.87284946,124.71224976,10.87284946,124.71224976,"FAIL",0.000134258785931453,NA,NA
"L2904",1029,"L3154",1038,949,80,0,0,"Fuzzy match","D3019","E2757","APCL15_405940","D3258","E1245","APCL14_384",0.0777453838678328,1417,2167,10.2,154,"14:26:00",154,"2015-05-30","Palanas",2407,3089,8,113,"14:30:00",113,"2014-06-23","Wangag",10.87284946,124.71224976,10.87054062,124.71481323,NA,0.379830420617214,"FAIL",NA
"L2850",1012,"L3139",1038,933,79,0,0,"Fuzzy match","D3209","E2931","APCL15_373943","D3261","E1488","APCL14_455",0.0780632411067194,1366,1646,9.2,152,"14:03:00",152,"2015-05-29","Palanas",2605,3213,4.6,117,"09:44:00",117,"2014-06-26","Magbangon",10.87429047,124.71089172,10.85980606,124.72263336,NA,2.05865013441234,"FAIL",NA
"L2988",928,"L3159",1038,854,74,0,0,"Fuzzy match","D3264","E0570","APCL13_447","D3278","E1480","APCL14_447",0.0797413793103448,3506,4927,5.1,47,"09:19:30",47,"2013-05-31","Palanas",2581,3196,5.3,115,"14:45:00",115,"2014-06-24","Wangag",10.87384892,124.71058655,10.87144661,124.71394348,NA,0.453576105945781,"FAIL",NA
"L3000",999,"L3113",1033,942,53,0,0,"Fuzzy match","D3252","E0328","APCL13_205","D3303","E0792","APCL14_007",0.0532663316582915,3002,4212,10.3,35,"10:51:30",35,"2013-05-27","Palanas",1866,3354,10.2,86,"15:49:30",86,"2014-06-07","Visca",10.87330437,124.71200562,10.74289894,124.7870636,NA,16.6574199304821,"FAIL",NA
"L3021",984,"L3128",1037,897,87,0,0,"Fuzzy match","D3255","E0772","APCL13_654","D3272","E0867","APCL14_088",0.0884146341463415,3768,5017,3.1,60,"16:27:30",60,"2013-06-04","Magbangon",1985,2726,8.9,96,"11:33:00",96,"2014-06-13","Palanas",10.86112881,124.72148132,10.87285805,124.71187592,NA,1.67369385868366,"FAIL",NA
"L3023",994,"L3135",1033,906,86,0,0,"Fuzzy match","D3197","E2918","APCL15_149","D3318","E2982","APCL16_014",0.0866935483870968,1805,2062,5.8,178,"09:45:00",178,"2015-06-14","Sitio Baybayon",35,760,9.2,212,"12:05:00",212,"2016-05-12","Sitio Baybayon",10.63402271,124.77661896,10.63390064,124.77663422,NA,0.0136759560733233,NA,NA
"L3033",988,"L3133",1037,903,84,0,0,"Fuzzy match","D3251","E0167","APCL13_042","D3304","E2852","APCL15_371404",0.0851063829787234,2831,4063,7.4,25,"13:20:30",25,"2013-05-23","Poroc Rose",1319,2527,10.1,149,"10:47:00",149,"2015-05-28","Visca",10.75659657,124.78594971,10.74367905,124.78675079,NA,1.43902614628351,"FAIL",NA
"L3063",983,"L3162",1036,893,88,0,0,"Fuzzy match","D3158","E2880","APCL15_374441","D3336","E3000","APCL16_032",0.0897043832823649,1328,2414,8.3,151,"10:29:00",151,"2015-05-29","Palanas",73,775,9.2,214,"10:20:00",214,"2016-05-13","Palanas",10.87452698,124.71058655,10.87453079,124.71058655,NA,0.000424563559432362,NA,NA
"L3111",1038,"L3154",1038,986,52,0,0,"Fuzzy match","D3302","E2757","APCL15_405940","D3258","E1245","APCL14_384",0.0500963391136802,1417,2167,10.2,154,"14:26:00",154,"2015-05-30","Palanas",2407,3089,8,113,"14:30:00",113,"2014-06-23","Wangag",10.87284946,124.71224976,10.87054062,124.71481323,NA,0.379830420617214,"FAIL",NA
"L3112",1036,"L3156",1036,979,56,0,0,"Fuzzy match","D3296","E2617","APCL15_355704","D3282","E1397","APCL14_558",0.0541062801932367,1633,1892,8.6,163,"15:09:00",163,"2015-06-04","Magbangon",2778,3346,4.7,130,"13:12:00",130,"2014-07-02","Magbangon",10.86088943,124.72187042,10.87435341,124.71061707,NA,1.93688342297638,"FAIL",NA
"L3122",1032,"L3138",1038,980,52,0,0,"Fuzzy match","D3274","E1382","APCL14_543","D3295","E2588","APCL15_402724",0.0503875968992248,2762,3332,8.9,130,"11:52:00",130,"2014-07-02","Magbangon",1480,1746,8.8,157,"15:18:00",157,"2015-05-31","Wangag",10.85840797,124.72428894,10.87136459,124.71395874,NA,1.82980885002569,"FAIL",NA
"L3127",1038,"L3140",1034,998,36,0,0,"Fuzzy match","D3284","E1297","APCL14_436","D3298","E2851","APCL15_372744",0.034816247582205,2564,3180,5,115,"13:30:00",115,"2014-06-24","Wangag",1382,1662,9.6,152,"15:25:00",152,"2015-05-29","Palanas",10.87184334,124.71381378,10.87388039,124.71073914,NA,0.405009391749787,"FAIL",NA
