"fish","First.sample_id","Second.sample_id","First.Size","Second.Size","First.Date","Second.Date","first_anem_id","second_anem_id","first_old_anem_id","second_old_anem_id","First.Name","Second.Name","First.anem_table_id","First.fish_table_id","First.dive_table_id","First.ObsTime","First.id","First.lat","First.lon","Second.anem_table_id","Second.fish_table_id","Second.dive_table_id","Second.ObsTime","Second.id","Second.lat","Second.lon","growth","sample12","sample13","sample14","sample15","size12","anem12","site12","date12","size13","anem13","site13","date13","site14","date14","anem14","size14","site15","date15","anem15","size15"
1,"APCL13_313","APCL13_626",4.9,4.9,"2013-05-28","2013-06-04",181,180,NA,NA,"Wangag","Wangag",3292,4319,40,"14:45:50",40,10.87150002,124.71417236,3709,4619,58,"12:44:00",58,10.87152004,124.71416473,0,NA,"APCL13_313",NA,NA,NA,NA,NA,NA,4.9,181,"Wangag","2013-05-28",NA,NA,NA,NA,NA,NA,NA,NA
2,"APCL13_653","APCL14_244",3.6,8.1,"2013-06-04","2014-06-18",365,NA,NA,NA,"Magbangon","Magbangon",3768,4660,60,"16:27:30",60,10.86112881,124.72148132,2265,2966,105,"15:33:00",105,10.86127186,124.72146606,4.5,NA,"APCL13_653","APCL14_244",NA,NA,NA,NA,NA,3.6,365,"Magbangon","2013-06-04","Magbangon","2014-06-18",NA,8.1,NA,NA,NA,NA
3,"APCL13_089","APCL14_006",7.9,8.8,"2013-05-24","2014-06-07",51,284,NA,NA,"Visca","Visca",2883,4108,28,"16:06:30",28,10.74401379,124.78630066,1866,2614,86,"15:49:30",86,10.74289894,124.7870636,0.9,NA,"APCL13_089","APCL14_006",NA,NA,NA,NA,NA,7.9,51,"Visca","2013-05-24","Visca","2014-06-07",284,8.8,NA,NA,NA,NA
4,"APCL13_565","APCL14_049",9.6,8.8,"2013-06-03","2014-06-12",311,406,NA,NA,"Sitio Baybayon","Sitio Baybayon",3612,4561,55,"12:54:00",55,10.63360119,124.77679443,1934,2680,95,"15:44:00",95,10.63356972,124.77679443,-0.799999999999999,NA,"APCL13_565","APCL14_049",NA,NA,NA,NA,NA,9.6,311,"Sitio Baybayon","2013-06-03","Sitio Baybayon","2014-06-12",406,8.8,NA,NA,NA,NA
5,"APCL13_587","APCL14_253",9.1,9.3,"2013-06-03","2014-06-22",321,534,NA,NA,"Sitio Baybayon","Sitio Baybayon",3630,4577,56,"14:22:00",56,10.63401985,124.7766571,2276,2976,110,"09:10:00",110,10.63399982,124.77661133,0.200000000000001,NA,"APCL13_587","APCL14_253",NA,NA,NA,NA,NA,9.1,321,"Sitio Baybayon","2013-06-03","Sitio Baybayon","2014-06-22",534,9.3,NA,NA,NA,NA
6,"APCL13_027","APCL14_017",9.4,9.3,"2013-05-23","2014-06-10",14,14,NA,NA,"Poroc San Flower","Poroc San Flower",2813,4047,24,"11:00:00",24,10.76447487,124.78541565,1875,3760,88,"10:12:00",88,10.76441574,124.78531647,-0.0999999999999996,NA,"APCL13_027","APCL14_017",NA,NA,NA,NA,NA,9.4,14,"Poroc San Flower","2013-05-23","Poroc San Flower","2014-06-10",14,9.3,NA,NA,NA,NA
7,"APCL13_572","APCL14_060",3,8.5,"2013-06-03","2014-06-12",315,411,NA,NA,"Sitio Baybayon","Sitio Baybayon",3618,4566,55,"13:16:00",55,10.63368797,124.77679443,1948,2693,95,"16:49:00",95,10.63393497,124.77667999,5.5,NA,"APCL13_572","APCL14_060",NA,NA,NA,NA,NA,3,315,"Sitio Baybayon","2013-06-03","Sitio Baybayon","2014-06-12",411,8.5,NA,NA,NA,NA
8,"APCL13_485","APCL14_095",2.7,7.5,"2013-05-31","2014-06-13",276,430,NA,279,"Palanas","Palanas",3549,4944,49,"13:22:00",49,10.87311363,124.71195984,1995,2736,98,"14:52:00",98,10.8730669,124.71209717,4.8,NA,"APCL13_485","APCL14_095",NA,NA,NA,NA,NA,2.7,276,"Palanas","2013-05-31","Palanas","2014-06-13",430,7.5,NA,NA,NA,NA
9,"APCL13_601","APCL14_268",5.3,8.3,"2013-06-03","2014-06-22",326,543,NA,NA,"Sitio Baybayon","Sitio Baybayon",3641,4997,57,"15:28:00",57,10.6341114,124.77667999,2292,3600,110,"10:09:00",110,10.63437366,124.77676392,3,NA,"APCL13_601","APCL14_268",NA,NA,NA,NA,NA,5.3,326,"Sitio Baybayon","2013-06-03","Sitio Baybayon","2014-06-22",543,8.3,NA,NA,NA,NA
10,"APCL13_120","APCL13_131",11.1,10.7,"2013-05-25","2013-05-25",NA,72,NA,NA,"Elementary School","Elementary School",2907,4739,30,"12:55:15",30,10.79913616,124.76850128,2923,4141,31,"16:15:30",31,10.79891205,124.76868439,-0.4,NA,"APCL13_120",NA,NA,NA,NA,NA,NA,11.1,NA,"Elementary School","2013-05-25",NA,NA,NA,NA,NA,NA,NA,NA
11,"APCL14_036","APCL13_145",11.1,9.6,"2014-06-12","2013-05-26",395,80,76,NA,"Tamakin Dacot","Tamakin Dacot",1916,3917,94,"11:34:00",94,10.65214634,124.78382111,2948,4763,32,"10:45:30",32,10.65284348,124.78369904,1.5,NA,"APCL13_145","APCL14_036",NA,NA,NA,NA,NA,9.6,80,"Tamakin Dacot","2013-05-26","Tamakin Dacot","2014-06-12",395,11.1,NA,NA,NA,NA
12,"APCL14_289","APCL13_557",9.5,8,"2014-06-22","2013-06-03",557,307,NA,NA,"Sitio Baybayon","Sitio Baybayon",2311,3612,111,"13:30:00",111,10.6344986,124.77636719,3605,4975,55,"12:33:02",55,10.63339806,124.77693939,1.5,NA,"APCL13_557","APCL14_289",NA,NA,NA,NA,NA,8,307,"Sitio Baybayon","2013-06-03","Sitio Baybayon","2014-06-22",557,9.5,NA,NA,NA,NA
13,"APCL13_615","APCL14_390",5.3,9.1,"2013-06-04","2014-06-23",339,606,NA,NA,"Wangag","Wangag",3675,4606,58,"11:44:30",58,10.87079906,124.71453857,2473,3098,113,"15:16:00",113,10.87137794,124.71421051,3.8,NA,"APCL13_615","APCL14_390",NA,NA,NA,NA,NA,5.3,339,"Wangag","2013-06-04","Wangag","2014-06-23",606,9.1,NA,NA,NA,NA
14,"APCL14_140","APCL13_181",7.8,4.2,"2014-06-16","2013-05-26",457,100,NA,NA,"Sitio Baybayon","Sitio Baybayon",2076,2810,101,"15:56:00",101,10.63351631,124.77690887,2983,4778,34,"15:47:00",34,10.63342381,124.77700806,3.6,NA,"APCL13_181","APCL14_140",NA,NA,NA,NA,NA,4.2,100,"Sitio Baybayon","2013-05-26","Sitio Baybayon","2014-06-16",457,7.8,NA,NA,NA,NA
15,"APCL13_150","APCL14_126",3.2,8.1,"2013-05-26","2014-06-16",85,450,NA,NA,"Haina","Haina",2955,4172,33,"12:04:15",33,10.64080429,124.78508759,2049,2788,99,"11:54:00",99,NA,NA,4.9,NA,"APCL13_150","APCL14_126",NA,NA,NA,NA,NA,3.2,85,"Haina","2013-05-26","Haina","2014-06-16",450,8.1,NA,NA,NA,NA
16,"APCL13_147","APCL14_032",11,9.6,"2013-05-26","2014-06-12",82,394,NA,NA,"Tamakin Dacot","Tamakin Dacot",2951,4168,32,"11:03:30",32,10.65242672,124.78354645,1913,2659,94,"11:14:00",94,10.65239716,124.78372192,-1.4,NA,"APCL13_147","APCL14_032",NA,NA,NA,NA,NA,11,82,"Tamakin Dacot","2013-05-26","Tamakin Dacot","2014-06-12",394,9.6,NA,NA,NA,NA
17,"APCL13_584","APCL14_153",8.2,8.4,"2013-06-03","2014-06-16",320,468,NA,NA,"Sitio Baybayon","Sitio Baybayon",3628,4575,56,"14:11:30",56,10.63399601,124.77671814,2106,2833,101,"17:10:00",101,10.63294792,124.77696228,0.200000000000001,NA,"APCL13_584","APCL14_153",NA,NA,NA,NA,NA,8.2,320,"Sitio Baybayon","2013-06-03","Sitio Baybayon","2014-06-16",468,8.4,NA,NA,NA,NA
18,"APCL13_278","APCL12_105",9.7,9.6,"2013-05-28","2012-05-09",158,NA,NA,NA,"Wangag","Wangag",3105,4283,39,"11:33:30",39,10.87183952,124.71380615,4042,5303,10,"14:33:00",10,10.87185574,124.71382141,0.0999999999999996,"APCL12_105","APCL13_278",NA,NA,9.6,NA,"Wangag","2012-05-09",9.7,158,"Wangag","2013-05-28",NA,NA,NA,NA,NA,NA,NA,NA
19,"APCL13_484","APCL12_098",10.5,10.3,"2013-05-31","2012-05-09",276,NA,NA,NA,"Palanas","Palanas",3549,4503,49,"13:22:00",49,10.87311363,124.71195984,4000,5603,9,"13:01:00",9,10.87332439,124.71218872,0.199999999999999,"APCL12_098","APCL13_484",NA,NA,10.3,NA,"Palanas","2012-05-09",10.5,276,"Palanas","2013-05-31",NA,NA,NA,NA,NA,NA,NA,NA
20,"APCL13_355","APCL12_167",9.3,5.6,"2013-05-29","2012-05-10",207,NA,NA,NA,"Magbangon","Magbangon",3359,4875,42,"11:49:00",42,10.85840416,124.72447205,4155,5369,13,"14:06:00",13,10.85841942,124.72434998,3.7,"APCL12_167","APCL13_355",NA,NA,5.6,NA,"Magbangon","2012-05-10",9.3,207,"Magbangon","2013-05-29",NA,NA,NA,NA,NA,NA,NA,NA
21,"APCL14_003","APCL13_510",9.9,10.4,"2014-06-07","2013-06-01",375,287,NA,NA,"Visca","Visca",1862,3756,86,"15:01:00",86,10.74388599,124.78634644,3578,4529,51,"17:18:00",51,10.74427032,124.78650665,0.5,NA,"APCL13_510","APCL14_003",NA,NA,NA,NA,NA,10.4,287,"Visca","2013-06-01","Visca","2014-06-07",375,9.9,NA,NA,NA,NA
22,"APCL13_462","APCL12_077",9.7,8,"2013-05-31","2012-05-09",NA,NA,NA,NA,"Palanas","Palanas",3519,4932,48,"10:44:50",48,10.87378311,124.71086121,3936,5244,8,"10:02:00",8,10.87396812,124.71099091,1.7,"APCL12_077","APCL13_462",NA,NA,8,NA,"Palanas","2012-05-09",9.7,NA,"Palanas","2013-05-31",NA,NA,NA,NA,NA,NA,NA,NA
23,"APCL13_471","APCL12_096",10.3,7.4,"2013-05-31","2012-05-09",269,NA,NA,NA,"Palanas","Palanas",3534,4937,48,"11:23:00",48,10.87316227,124.71168518,3982,5727,9,"12:19:00",9,10.8730402,124.71157837,2.9,"APCL12_096","APCL13_471",NA,NA,7.4,NA,"Palanas","2012-05-09",10.3,269,"Palanas","2013-05-31",NA,NA,NA,NA,NA,NA,NA,NA
24,"APCL13_283","APCL12_100",8.7,6.4,"2013-05-28","2012-05-09",161,NA,NA,NA,"Wangag","Wangag",3120,4831,39,"11:47:30",39,10.87176418,124.71387482,4049,5306,10,"14:44:00",10,10.87184143,124.71386719,2.3,"APCL12_100","APCL13_283",NA,NA,6.4,NA,"Wangag","2012-05-09",8.7,161,"Wangag","2013-05-28",NA,NA,NA,NA,NA,NA,NA,NA
25,"APCL13_377","APCL12_132",10.2,9.1,"2013-05-29","2012-05-10",216,NA,NA,NA,"Magbangon","Cabatoan",3385,5088,43,"15:23:00",43,10.85627556,124.72579193,4130,5349,11,"09:48:00",11,10.85628796,124.7258606,1.1,"APCL12_132","APCL13_377",NA,NA,9.1,NA,"Cabatoan","2012-05-10",10.2,216,"Magbangon","2013-05-29",NA,NA,NA,NA,NA,NA,NA,NA
26,"APCL13_622","APCL12_274",8.7,6.2,"2013-06-04","2012-05-14",178,NA,NA,NA,"Wangag","Wangag",3706,4616,58,"12:27:00",58,10.87146568,124.71424866,4426,5506,21,"11:39:00",21,10.87147903,124.71411896,2.5,"APCL12_274","APCL13_622",NA,NA,6.2,NA,"Wangag","2012-05-14",8.7,178,"Wangag","2013-06-04",NA,NA,NA,NA,NA,NA,NA,NA
27,"APCL13_310","APCL12_276",8,4.5,"2013-05-28","2012-05-14",180,NA,NA,NA,"Wangag","Wangag",3264,4318,40,"14:37:30",40,10.87146759,124.71418762,4444,5508,21,"11:44:00",21,10.87151814,124.71411896,3.5,"APCL12_276","APCL13_310",NA,NA,4.5,NA,"Wangag","2012-05-14",8,180,"Wangag","2013-05-28",NA,NA,NA,NA,NA,NA,NA,NA
28,"APCL13_152","APCL14_125",5.2,8.8,"2013-05-26","2014-06-16",85,449,NA,NA,"Haina","Haina",2955,5056,33,"12:04:15",33,10.64080429,124.78508759,2047,2786,99,"11:38:00",99,NA,NA,3.6,NA,"APCL13_152","APCL14_125",NA,NA,NA,NA,NA,5.2,85,"Haina","2013-05-26","Haina","2014-06-16",449,8.8,NA,NA,NA,NA
29,"APCL13_315","APCL12_112",7.9,3.8,"2013-05-28","2012-05-09",182,NA,NA,NA,"Wangag","Wangag",3311,4321,40,"14:53:15",40,10.87153053,124.71411896,4055,5311,10,"14:52:00",10,10.8717947,124.71392822,4.1,"APCL12_112","APCL13_315",NA,NA,3.8,NA,"Wangag","2012-05-09",7.9,182,"Wangag","2013-05-28",NA,NA,NA,NA,NA,NA,NA,NA
30,"APCL13_375","APCL12_133",9.2,8.3,"2013-05-29","2012-05-10",216,NA,NA,NA,"Magbangon","Cabatoan",3385,4385,43,"15:23:00",43,10.85627556,124.72579193,4130,5623,11,"09:48:00",11,10.85628796,124.7258606,0.899999999999999,"APCL12_133","APCL13_375",NA,NA,8.3,NA,"Cabatoan","2012-05-10",9.2,216,"Magbangon","2013-05-29",NA,NA,NA,NA,NA,NA,NA,NA
31,"APCL13_365","APCL12_134",8.2,7,"2013-05-29","2012-05-10",214,NA,NA,NA,"Magbangon","Cabatoan",3380,4382,43,"14:58:30",43,10.85624027,124.72588348,4130,5733,11,"09:48:00",11,10.85628796,124.7258606,1.2,"APCL12_134","APCL13_365",NA,NA,7,NA,"Cabatoan","2012-05-10",8.2,214,"Magbangon","2013-05-29",NA,NA,NA,NA,NA,NA,NA,NA
32,"APCL14_204","APCL12_139",10.2,9.8,"2014-06-18","2012-05-10",217,NA,NA,NA,"Magbangon","Cabatoan",2193,3557,104,"09:03:00",104,10.85659122,124.72569275,4136,5627,11,"10:11:00",11,10.85653782,124.72567749,0.399999999999999,"APCL12_139",NA,"APCL14_204",NA,9.8,NA,"Cabatoan","2012-05-10",4.9,181,"Wangag","2013-05-28","Magbangon","2014-06-18",217,10.2,NA,NA,NA,NA
33,"APCL13_379","APCL12_141",8.5,8.5,"2013-05-29","2012-05-10",217,NA,NA,NA,"Magbangon","Cabatoan",3392,4390,43,"15:33:45",43,10.85648632,124.7257309,4137,5628,11,"10:20:00",11,10.85671711,124.72550201,0,"APCL12_141","APCL13_379",NA,NA,8.5,NA,"Cabatoan","2012-05-10",8.5,217,"Magbangon","2013-05-29",NA,NA,NA,NA,NA,NA,NA,NA
34,"APCL13_390","APCL14_372",2.4,7,"2013-05-30","2014-06-23",224,593,NA,NA,"Wangag","Wangag",3401,4898,44,"08:52:30",44,10.86903572,124.71647644,2382,3645,112,"11:05:00",112,10.86957455,124.71617889,4.6,NA,"APCL13_390","APCL14_372",NA,NA,NA,NA,NA,2.4,224,"Wangag","2013-05-30","Wangag","2014-06-23",593,7,NA,NA,NA,NA
35,"APCL13_244","APCL12_062",8.7,7.1,"2013-05-27","2012-05-09",134,NA,NA,NA,"Palanas","Palanas",3046,4809,37,"14:45:00",37,10.87427521,124.71065521,3915,5226,8,"09:25:00",8,10.87408447,124.71056366,1.6,"APCL12_062","APCL13_244",NA,NA,7.1,NA,"Palanas","2012-05-09",8.7,134,"Palanas","2013-05-27",NA,NA,NA,NA,NA,NA,NA,NA
36,"APCL13_284","APCL12_249",9.2,6.6,"2013-05-28","2012-05-14",162,NA,NA,NA,"Wangag","Wangag",3133,4295,39,"11:55:30",39,10.87174129,124.71392822,4275,5688,20,"09:18:00",20,10.87162113,124.71391296,2.6,"APCL12_249","APCL13_284",NA,NA,6.6,NA,"Wangag","2012-05-14",9.2,162,"Wangag","2013-05-28",NA,NA,NA,NA,NA,NA,NA,NA
37,"APCL13_295","APCL12_256",9,5.1,"2013-05-28","2012-05-14",169,NA,NA,NA,"Wangag","Wangag",3200,4307,39,"12:36:00",39,10.87144566,124.71403503,4334,5693,20,"09:45:00",20,10.87141991,124.71394348,3.9,"APCL12_256","APCL13_295",NA,NA,5.1,NA,"Wangag","2012-05-14",9,169,"Wangag","2013-05-28",NA,NA,NA,NA,NA,NA,NA,NA
38,"APCL13_309","APCL12_275",7,4.1,"2013-05-28","2012-05-14",179,NA,NA,NA,"Wangag","Wangag",3263,4317,40,"14:34:00",40,10.8714447,124.71421051,4422,5754,21,"11:35:00",21,10.87143612,124.71405792,2.9,"APCL12_275","APCL13_309",NA,NA,4.1,NA,"Wangag","2012-05-14",7,179,"Wangag","2013-05-28",NA,NA,NA,NA,NA,NA,NA,NA
39,"APCL14_005","APCL12_026",11,11.5,"2014-06-07","2012-05-06",376,NA,NA,NA,"Visca","Visca",1865,3353,86,"15:26:00",86,10.74358177,124.78662109,3887,5201,4,"15:44:00",4,10.74386311,124.78636932,0.5,"APCL12_026",NA,"APCL14_005",NA,11.5,NA,"Visca","2012-05-06",4.9,181,"Wangag","2013-05-28","Visca","2014-06-07",376,11,NA,NA,NA,NA
40,"APCL13_196","APCL12_068",7.6,3,"2013-05-27","2012-05-09",108,NA,NA,NA,"Palanas","Palanas",2994,4206,35,"10:21:15",35,10.87379265,124.71130371,3942,5723,8,"10:13:00",8,10.87375546,124.71125031,4.6,"APCL12_068","APCL13_196",NA,NA,3,NA,"Palanas","2012-05-09",7.6,108,"Palanas","2013-05-27",NA,NA,NA,NA,NA,NA,NA,NA
41,"APCL13_384","APCL12_142",9,8.2,"2013-05-29","2012-05-10",220,NA,NA,NA,"Magbangon","Cabatoan",3396,5089,43,"15:59:45",43,10.85665703,124.72536469,4139,5357,11,"10:26:00",11,10.85672665,124.72541809,0.800000000000001,"APCL12_142","APCL13_384",NA,NA,8.2,NA,"Cabatoan","2012-05-10",9,220,"Magbangon","2013-05-29",NA,NA,NA,NA,NA,NA,NA,NA
42,"APCL13_356","APCL12_168",9.5,5.1,"2013-05-29","2012-05-10",208,NA,NA,NA,"Magbangon","Magbangon",3364,4370,42,"12:10:15",42,10.85842037,124.7243576,4156,5370,13,"14:08:00",13,10.85839653,124.72437286,4.4,"APCL12_168","APCL13_356",NA,NA,5.1,NA,"Magbangon","2012-05-10",9.5,208,"Magbangon","2013-05-29",NA,NA,NA,NA,NA,NA,NA,NA
43,"APCL13_258","APCL14_350",4.7,8.4,"2013-05-28","2014-06-23",142,579,NA,NA,"Wangag","Wangag",3055,4256,38,"09:30:50",38,10.86881733,124.71669006,2347,3043,112,"09:11:00",112,10.86886883,124.71650696,3.7,NA,"APCL13_258","APCL14_350",NA,NA,NA,NA,NA,4.7,142,"Wangag","2013-05-28","Wangag","2014-06-23",579,8.4,NA,NA,NA,NA
44,"APCL14_003","APCL12_029",9.9,10.4,"2014-06-07","2012-05-06",375,NA,NA,NA,"Visca","Visca",1862,3756,86,"15:01:00",86,10.74388599,124.78634644,3883,5716,4,"15:22:00",4,10.74403858,124.78627014,0.5,"APCL12_029",NA,"APCL14_003",NA,10.4,NA,"Visca","2012-05-06",4.9,181,"Wangag","2013-05-28","Visca","2014-06-07",375,9.9,NA,NA,NA,NA
45,"APCL13_510","APCL12_029",10.4,10.4,"2013-06-01","2012-05-06",287,NA,NA,NA,"Visca","Visca",3578,4529,51,"17:18:00",51,10.74427032,124.78650665,3883,5716,4,"15:22:00",4,10.74403858,124.78627014,0,"APCL12_029","APCL13_510",NA,NA,10.4,NA,"Visca","2012-05-06",10.4,287,"Visca","2013-06-01",NA,NA,NA,NA,NA,NA,NA,NA
46,"APCL13_252","APCL12_063",7.5,3.4,"2013-05-27","2012-05-09",138,NA,NA,NA,"Palanas","Palanas",3050,4251,37,"15:14:30",37,10.87409592,124.71072388,3915,5567,8,"09:25:00",8,10.87408447,124.71056366,4.1,"APCL12_063","APCL13_252",NA,NA,3.4,NA,"Palanas","2012-05-09",7.5,138,"Palanas","2013-05-27",NA,NA,NA,NA,NA,NA,NA,NA
47,"APCL13_044","APCL12_183",9.1,7.8,"2013-05-23","2012-05-11",26,NA,NA,NA,"Poroc Rose","Poroc Rose",2835,4066,25,"13:26:30",25,10.75649357,124.78585052,4178,5385,14,"09:21:00",14,10.75654697,124.7858429,1.3,"APCL12_183","APCL13_044",NA,NA,7.8,NA,"Poroc Rose","2012-05-11",9.1,26,"Poroc Rose","2013-05-23",NA,NA,NA,NA,NA,NA,NA,NA
48,"APCL13_045","APCL12_184",8.9,7.7,"2013-05-23","2012-05-11",26,NA,NA,NA,"Poroc Rose","Poroc Rose",2835,4701,25,"13:26:30",25,10.75649357,124.78585052,4178,5648,14,"09:21:00",14,10.75654697,124.7858429,1.2,"APCL12_184","APCL13_045",NA,NA,7.7,NA,"Poroc Rose","2012-05-11",8.9,26,"Poroc Rose","2013-05-23",NA,NA,NA,NA,NA,NA,NA,NA
49,"APCL13_060","APCL12_189",5.1,4.4,"2013-05-23","2012-05-11",35,NA,NA,NA,"Poroc Rose","Poroc Rose",2846,5031,25,"14:24:45",25,10.75499916,124.78512573,4188,5392,14,"09:52:00",14,10.75514984,124.78507996,0.699999999999999,"APCL12_189","APCL13_060",NA,NA,4.4,NA,"Poroc Rose","2012-05-11",5.1,35,"Poroc Rose","2013-05-23",NA,NA,NA,NA,NA,NA,NA,NA
50,"APCL14_148","APCL15_403603",7,9.6,"2014-06-16","2015-06-13",464,2158,NA,NA,"Sitio Baybayon","Sitio Baybayon",2093,2824,101,"16:41:00",101,10.63313866,124.7770462,1766,2492,176,"10:59:00",176,10.63310909,124.77706146,2.6,NA,NA,"APCL14_148","APCL15_403603",NA,NA,NA,NA,4.9,181,"Wangag","2013-05-28","Sitio Baybayon","2014-06-16",464,7,"Sitio Baybayon","2015-06-13",2158,9.6
51,"APCL14_051","APCL15_403045",4.2,9.7,"2014-06-12","2015-06-13",407,808,NA,NA,"Sitio Baybayon","Sitio Baybayon",1937,2682,95,"15:56:00",95,10.63356781,124.77675629,1778,2036,176,"11:55:00",176,10.63345242,124.77677155,5.5,NA,NA,"APCL14_051","APCL15_403045",NA,NA,NA,NA,4.9,181,"Wangag","2013-05-28","Sitio Baybayon","2014-06-12",407,4.2,"Sitio Baybayon","2015-06-13",808,9.7
52,"APCL14_042","APCL15_363882",8.8,9.6,"2014-06-12","2015-06-13",402,402,NA,NA,"Sitio Baybayon","Sitio Baybayon",1929,2675,95,"15:09:00",95,10.63364983,124.77677917,1788,2046,177,"14:30:00",177,10.63364506,124.77680206,0.799999999999999,NA,NA,"APCL14_042","APCL15_363882",NA,NA,NA,NA,4.9,181,"Wangag","2013-05-28","Sitio Baybayon","2014-06-12",402,8.8,"Sitio Baybayon","2015-06-13",402,9.6
53,"APCL14_134","APCL15_372549",4.5,8.3,"2014-06-16","2015-06-13",456,794,NA,NA,"Sitio Baybayon","Sitio Baybayon",2066,2804,101,"15:33:00",101,10.63354683,124.7768631,1786,2356,177,"14:17:00",177,10.63357258,124.7767868,3.8,NA,NA,"APCL14_134","APCL15_372549",NA,NA,NA,NA,4.9,181,"Wangag","2013-05-28","Sitio Baybayon","2014-06-16",456,4.5,"Sitio Baybayon","2015-06-13",794,8.3
54,"APCL14_047","APCL15_369143",6.7,9.8,"2014-06-12","2015-06-13",405,809,NA,NA,"Sitio Baybayon","Sitio Baybayon",1933,2679,95,"15:33:00",95,10.633564,124.77680969,1782,2040,176,"12:10:00",176,10.63351822,124.77675629,3.1,NA,NA,"APCL14_047","APCL15_369143",NA,NA,NA,NA,4.9,181,"Wangag","2013-05-28","Sitio Baybayon","2014-06-12",405,6.7,"Sitio Baybayon","2015-06-13",809,9.8
55,"APCL14_141","APCL15_368572",6,8.8,"2014-06-16","2015-06-13",456,794,NA,NA,"Sitio Baybayon","Sitio Baybayon",2066,3490,101,"15:33:00",101,10.63354683,124.7768631,1786,2044,177,"14:17:00",177,10.63357258,124.7767868,2.8,NA,NA,"APCL14_141","APCL15_368572",NA,NA,NA,NA,4.9,181,"Wangag","2013-05-28","Sitio Baybayon","2014-06-16",456,6,"Sitio Baybayon","2015-06-13",794,8.8
56,"APCL14_133","APCL15_406841",5.2,9.5,"2014-06-16","2015-06-13",455,808,NA,NA,"Sitio Baybayon","Sitio Baybayon",2065,2803,101,"15:29:00",101,10.63354874,124.7768631,1778,2348,176,"11:55:00",176,10.63345242,124.77677155,4.3,NA,NA,"APCL14_133","APCL15_406841",NA,NA,NA,NA,4.9,181,"Wangag","2013-05-28","Sitio Baybayon","2014-06-16",455,5.2,"Sitio Baybayon","2015-06-13",808,9.5
57,"APCL14_153","APCL15_405336",8.4,9.6,"2014-06-16","2015-06-13",468,468,NA,NA,"Sitio Baybayon","Sitio Baybayon",2106,2833,101,"17:10:00",101,10.63294792,124.77696228,1763,2021,176,"10:49:00",176,10.6328783,124.7769165,1.2,NA,NA,"APCL14_153","APCL15_405336",NA,NA,NA,NA,4.9,181,"Wangag","2013-05-28","Sitio Baybayon","2014-06-16",468,8.4,"Sitio Baybayon","2015-06-13",468,9.6
58,"APCL13_584","APCL15_405336",8.2,9.6,"2013-06-03","2015-06-13",320,468,NA,NA,"Sitio Baybayon","Sitio Baybayon",3628,4575,56,"14:11:30",56,10.63399601,124.77671814,1763,2021,176,"10:49:00",176,10.6328783,124.7769165,1.4,NA,"APCL13_584",NA,"APCL15_405336",NA,NA,NA,NA,8.2,320,"Sitio Baybayon","2013-06-03",NA,NA,NA,NA,"Sitio Baybayon","2015-06-13",468,9.6
59,"APCL14_146","APCL15_404548",8,9.2,"2014-06-16","2015-06-13",463,807,NA,NA,"Sitio Baybayon","Sitio Baybayon",2092,2823,101,"16:34:00",101,10.63318062,124.77703857,1771,2029,176,"11:20:00",176,10.63319778,124.77694702,1.2,NA,NA,"APCL14_146","APCL15_404548",NA,NA,NA,NA,4.9,181,"Wangag","2013-05-28","Sitio Baybayon","2014-06-16",463,8,"Sitio Baybayon","2015-06-13",807,9.2
60,"APCL14_050","APCL15_354733",9.5,10,"2014-06-12","2015-06-13",406,406,NA,NA,"Sitio Baybayon","Sitio Baybayon",1934,3403,95,"15:44:00",95,10.63356972,124.77679443,1783,2041,176,"12:26:00",176,10.63355732,124.77677155,0.5,NA,NA,"APCL14_050","APCL15_354733",NA,NA,NA,NA,4.9,181,"Wangag","2013-05-28","Sitio Baybayon","2014-06-12",406,9.5,"Sitio Baybayon","2015-06-13",406,10
61,"APCL14_044","APCL15_355853",6.5,9.1,"2014-06-12","2015-06-13",403,402,NA,NA,"Sitio Baybayon","Sitio Baybayon",1930,2676,95,"15:16:00",95,10.63362694,124.77679443,1788,2358,177,"14:30:00",177,10.63364506,124.77680206,2.6,NA,NA,"APCL14_044","APCL15_355853",NA,NA,NA,NA,4.9,181,"Wangag","2013-05-28","Sitio Baybayon","2014-06-12",403,6.5,"Sitio Baybayon","2015-06-13",402,9.1
62,"APCL14_285","APCL15_372461",8,9.4,"2014-06-22","2015-06-14",555,559,NA,NA,"Sitio Baybayon","Sitio Baybayon",2307,3005,111,"13:11:00",111,10.63462543,124.77641296,1841,2398,179,"14:41:00",179,10.63463402,124.77636719,1.4,NA,NA,"APCL14_285","APCL15_372461",NA,NA,NA,NA,4.9,181,"Wangag","2013-05-28","Sitio Baybayon","2014-06-22",555,8,"Sitio Baybayon","2015-06-14",559,9.4
63,"APCL14_057","APCL15_354533",6.7,10,"2014-06-12","2015-06-13",NA,532,NA,NA,"Sitio Baybayon","Sitio Baybayon",1944,2689,95,"16:41:00",95,10.63387489,124.77671814,1794,2364,177,"15:10:00",177,10.63385296,124.77671051,3.3,NA,NA,"APCL14_057","APCL15_354533",NA,NA,NA,NA,4.9,181,"Wangag","2013-05-28","Sitio Baybayon","2014-06-12",NA,6.7,"Sitio Baybayon","2015-06-13",532,10
64,"APCL14_286","APCL15_355880",7.8,9.8,"2014-06-22","2015-06-14",556,1009,NA,NA,"Sitio Baybayon","Sitio Baybayon",2310,3008,111,"13:24:00",111,10.63453197,124.77637482,1837,2093,179,"14:13:00",179,10.63450718,124.77633667,2,NA,NA,"APCL14_286","APCL15_355880",NA,NA,NA,NA,4.9,181,"Wangag","2013-05-28","Sitio Baybayon","2014-06-22",556,7.8,"Sitio Baybayon","2015-06-14",1009,9.8
65,"APCL14_283","APCL15_371825",8.9,10.7,"2014-06-22","2015-06-14",552,552,NA,NA,"Sitio Baybayon","Sitio Baybayon",2304,3607,110,"11:14:00",110,10.63443756,124.77640533,1834,2090,179,"13:45:00",179,10.63444233,124.77638245,1.8,NA,NA,"APCL14_283","APCL15_371825",NA,NA,NA,NA,4.9,181,"Wangag","2013-05-28","Sitio Baybayon","2014-06-22",552,8.9,"Sitio Baybayon","2015-06-14",552,10.7
66,"APCL14_255","APCL15_355896",8.2,9.7,"2014-06-22","2015-06-14",536,536,NA,NA,"Sitio Baybayon","Sitio Baybayon",2279,2979,110,"09:23:00",110,10.63408375,124.77649689,1812,2069,178,"10:25:00",178,10.63412952,124.77644348,1.5,NA,NA,"APCL14_255","APCL15_355896",NA,NA,NA,NA,4.9,181,"Wangag","2013-05-28","Sitio Baybayon","2014-06-22",536,8.2,"Sitio Baybayon","2015-06-14",536,9.7
67,"APCL14_034","APCL15_127",7.2,10.6,"2014-06-12","2015-06-11",395,756,76,NA,"Tamakin Dacot","Tamakin Dacot",1916,3389,94,"11:34:00",94,10.65214634,124.78382111,1737,2317,173,"12:09:00",173,10.65205574,124.78383636,3.4,NA,NA,"APCL14_034","APCL15_127",NA,NA,NA,NA,4.9,181,"Wangag","2013-05-28","Tamakin Dacot","2014-06-12",395,7.2,"Tamakin Dacot","2015-06-11",756,10.6
68,"APCL14_132","APCL15_371672",5.8,10.7,"2014-06-16","2015-06-09",453,452,79,NA,"Tamakin Dacot","Tamakin Dacot",2059,2798,100,"14:23:00",100,10.65287113,124.78383636,1701,1959,171,"09:57:00",171,10.65289497,124.78353119,4.9,NA,NA,"APCL14_132","APCL15_371672",NA,NA,NA,NA,4.9,181,"Wangag","2013-05-28","Tamakin Dacot","2014-06-16",453,5.8,"Tamakin Dacot","2015-06-09",452,10.7
69,"APCL13_147","APCL15_406357",11,10.8,"2013-05-26","2015-06-11",82,394,NA,NA,"Tamakin Dacot","Tamakin Dacot",2951,4168,32,"11:03:30",32,10.65242672,124.78354645,1730,1988,173,"10:51:00",173,10.65244579,124.78363037,-0.199999999999999,NA,"APCL13_147",NA,"APCL15_406357",NA,NA,NA,NA,11,82,"Tamakin Dacot","2013-05-26",NA,NA,NA,NA,"Tamakin Dacot","2015-06-11",394,10.8
70,"APCL14_032","APCL15_406357",9.6,10.8,"2014-06-12","2015-06-11",394,394,NA,NA,"Tamakin Dacot","Tamakin Dacot",1913,2659,94,"11:14:00",94,10.65239716,124.78372192,1730,1988,173,"10:51:00",173,10.65244579,124.78363037,1.2,NA,NA,"APCL14_032","APCL15_406357",NA,NA,NA,NA,4.9,181,"Wangag","2013-05-28","Tamakin Dacot","2014-06-12",394,9.6,"Tamakin Dacot","2015-06-11",394,10.8
71,"APCL14_035","APCL15_126",8.5,12.1,"2014-06-12","2015-06-11",395,756,76,NA,"Tamakin Dacot","Tamakin Dacot",1916,3772,94,"11:34:00",94,10.65214634,124.78382111,1737,1995,173,"12:09:00",173,10.65205574,124.78383636,3.6,NA,NA,"APCL14_035","APCL15_126",NA,NA,NA,NA,4.9,181,"Wangag","2013-05-28","Tamakin Dacot","2014-06-12",395,8.5,"Tamakin Dacot","2015-06-11",756,12.1
72,"APCL14_129","APCL15_364555",4.9,10.7,"2014-06-16","2015-06-09",451,451,73,NA,"Tamakin Dacot","Tamakin Dacot",2052,3480,100,"13:48:00",100,10.65287685,124.7834549,1700,2286,171,"09:50:00",171,10.65284824,124.78343964,5.8,NA,NA,"APCL14_129","APCL15_364555",NA,NA,NA,NA,4.9,181,"Wangag","2013-05-28","Tamakin Dacot","2014-06-16",451,4.9,"Tamakin Dacot","2015-06-09",451,10.7
73,"APCL14_022","APCL15_355398",6.8,8.9,"2014-06-11","2015-06-05",386,849,NA,NA,"Cabatoan","Cabatoan",1888,2634,91,"11:32:00",91,10.85486889,124.72753143,1657,2258,165,"14:37:00",165,10.8548708,124.72754669,2.1,NA,NA,"APCL14_022","APCL15_355398",NA,NA,NA,NA,4.9,181,"Wangag","2013-05-28","Cabatoan","2014-06-11",386,6.8,"Cabatoan","2015-06-05",849,8.9
74,"APCL14_024","APCL15_356339",4.8,8.3,"2014-06-11","2015-06-05",387,871,187,NA,"Cabatoan","Cabatoan",1895,2641,91,"11:59:00",91,10.85494995,124.7278595,1653,1912,165,"14:16:00",165,10.85496807,124.72773743,3.5,NA,NA,"APCL14_024","APCL15_356339",NA,NA,NA,NA,4.9,181,"Wangag","2013-05-28","Cabatoan","2014-06-11",387,4.8,"Cabatoan","2015-06-05",871,8.3
75,"APCL14_406","APCL15_373511",4.2,7.9,"2014-06-23","2015-06-01",620,2045,NA,NA,"Wangag","Wangag",2488,3113,113,"16:14:00",113,10.87152386,124.7141571,1488,1753,158,"10:21:00",158,10.8715601,124.71424866,3.7,NA,NA,"APCL14_406","APCL15_373511",NA,NA,NA,NA,4.9,181,"Wangag","2013-05-28","Wangag","2014-06-23",620,4.2,"Wangag","2015-06-01",2045,7.9
76,"APCL13_425","APCL15_403892",4.5,8.1,"2013-05-30","2015-06-01",249,1121,NA,NA,"Wangag","Wangag",3476,4442,45,"11:43:20",45,10.86985397,124.71595764,1530,1794,159,"15:20:00",159,10.86970425,124.71591187,3.6,NA,"APCL13_425",NA,"APCL15_403892",NA,NA,NA,NA,4.5,249,"Wangag","2013-05-30",NA,NA,NA,NA,"Wangag","2015-06-01",1121,8.1
77,"APCL14_414","APCL15_403913",4.4,7.9,"2014-06-23","2015-05-31",625,2040,NA,NA,"Wangag","Wangag",2494,3666,113,"16:45:00",113,10.87147808,124.71405029,1477,1743,157,"15:03:00",157,10.87143135,124.71407318,3.5,NA,NA,"APCL14_414","APCL15_403913",NA,NA,NA,NA,4.9,181,"Wangag","2013-05-28","Wangag","2014-06-23",625,4.4,"Wangag","2015-05-31",2040,7.9
78,"APCL13_615","APCL15_406954",5.3,8.8,"2013-06-04","2015-05-31",339,1131,NA,NA,"Wangag","Wangag",3675,4606,58,"11:44:30",58,10.87079906,124.71453857,1472,2196,157,"14:43:00",157,10.87138367,124.71414948,3.5,NA,"APCL13_615",NA,"APCL15_406954",NA,NA,NA,NA,5.3,339,"Wangag","2013-06-04",NA,NA,NA,NA,"Wangag","2015-05-31",1131,8.8
79,"APCL14_390","APCL15_406954",9.1,8.8,"2014-06-23","2015-05-31",606,1131,NA,NA,"Wangag","Wangag",2473,3098,113,"15:16:00",113,10.87137794,124.71421051,1472,2196,157,"14:43:00",157,10.87138367,124.71414948,-0.299999999999999,NA,NA,"APCL14_390","APCL15_406954",NA,NA,NA,NA,4.9,181,"Wangag","2013-05-28","Wangag","2014-06-23",606,9.1,"Wangag","2015-05-31",1131,8.8
80,"APCL14_220","APCL15_372981",5.7,9.1,"2014-06-18","2015-06-04",508,1372,NA,NA,"Magbangon","Magbangon",2236,3574,105,"13:37:00",105,10.86101627,124.72172546,1625,1884,163,"14:20:00",163,10.86092663,124.72180176,3.4,NA,NA,"APCL14_220","APCL15_372981",NA,NA,NA,NA,4.9,181,"Wangag","2013-05-28","Magbangon","2014-06-18",508,5.7,"Magbangon","2015-06-04",1372,9.1
81,"APCL14_405","APCL15_399614",4.2,9,"2014-06-23","2015-05-31",619,1105,NA,NA,"Wangag","Wangag",2487,3112,113,"16:07:00",113,10.87151909,124.71418762,1459,2190,157,"13:48:00",157,10.87154007,124.71411896,4.8,NA,NA,"APCL14_405","APCL15_399614",NA,NA,NA,NA,4.9,181,"Wangag","2013-05-28","Wangag","2014-06-23",619,4.2,"Wangag","2015-05-31",1105,9
82,"APCL14_389","APCL15_406164",3.7,8.6,"2014-06-23","2015-05-31",605,1133,NA,NA,"Wangag","Wangag",2470,3096,113,"15:09:00",113,10.87132359,124.71421814,1457,1726,156,"12:17:00",156,10.87146378,124.71398163,4.9,NA,NA,"APCL14_389","APCL15_406164",NA,NA,NA,NA,4.9,181,"Wangag","2013-05-28","Wangag","2014-06-23",605,3.7,"Wangag","2015-05-31",1133,8.6
83,"APCL14_066","APCL15_404854",3.5,9.2,"2014-06-13","2015-05-30",414,881,NA,NA,"Palanas","Palanas",1960,3418,96,"09:58:00",96,10.87337399,124.71213531,1435,1708,154,"15:55:00",154,10.87351036,124.7117691,5.7,NA,NA,"APCL14_066","APCL15_404854",NA,NA,NA,NA,4.9,181,"Wangag","2013-05-28","Palanas","2014-06-13",414,3.5,"Palanas","2015-05-30",881,9.2
84,"APCL14_182","APCL15_370935",5.5,10.1,"2014-06-17","2015-05-29",492,2005,NA,NA,"Palanas","Palanas",2154,2878,102,"11:33:00",102,10.87417698,124.71063995,1372,1652,152,"14:21:00",152,10.87414646,124.71080017,4.6,NA,NA,"APCL14_182","APCL15_370935",NA,NA,NA,NA,4.9,181,"Wangag","2013-05-28","Palanas","2014-06-17",492,5.5,"Palanas","2015-05-29",2005,10.1
85,"APCL14_420","APCL15_403391",3.6,8.3,"2014-06-23","2015-05-31",628,827,NA,NA,"Wangag","Wangag",2497,3669,113,"16:59:00",113,10.8714304,124.71401978,1446,1717,156,"11:22:00",156,10.87141514,124.71401215,4.7,NA,NA,"APCL14_420","APCL15_403391",NA,NA,NA,NA,4.9,181,"Wangag","2013-05-28","Wangag","2014-06-23",628,3.6,"Wangag","2015-05-31",827,8.3
86,"APCL14_404","APCL15_405904",5.6,9.4,"2014-06-23","2015-05-31",618,2033,NA,NA,"Wangag","Wangag",2486,3111,113,"16:02:00",113,10.87153625,124.71420288,1465,2192,157,"14:13:00",157,10.87141228,124.71420288,3.8,NA,NA,"APCL14_404","APCL15_405904",NA,NA,NA,NA,4.9,181,"Wangag","2013-05-28","Wangag","2014-06-23",618,5.6,"Wangag","2015-05-31",2033,9.4
87,"APCL14_329","APCL15_404313",4.4,9.2,"2014-06-24","2015-05-31",635,2038,NA,890,"Wangag","Wangag",2520,3139,114,"09:22:00",114,10.87151146,124.71418762,1475,1742,157,"14:56:00",157,10.8714962,124.71412659,4.8,NA,NA,"APCL14_329","APCL15_404313",NA,NA,NA,NA,4.9,181,"Wangag","2013-05-28","Wangag","2014-06-24",635,4.4,"Wangag","2015-05-31",2038,9.2
88,"APCL14_391","APCL15_399551",6.4,8.7,"2014-06-23","2015-05-31",607,1131,NA,NA,"Wangag","Wangag",2472,3097,113,"15:15:00",113,10.87137032,124.71421051,1472,1740,157,"14:43:00",157,10.87138367,124.71414948,2.3,NA,NA,"APCL14_391","APCL15_399551",NA,NA,NA,NA,4.9,181,"Wangag","2013-05-28","Wangag","2014-06-23",607,6.4,"Wangag","2015-05-31",1131,8.7
89,"APCL14_415","APCL15_407622",10.7,11.4,"2014-06-23","2015-05-31",626,2025,NA,NA,"Wangag","Wangag",2496,3121,113,"16:54:00",113,10.8714447,124.7140274,1447,1718,156,"11:28:00",156,10.87140465,124.71401215,0.700000000000001,NA,NA,"APCL14_415","APCL15_407622",NA,NA,NA,NA,4.9,181,"Wangag","2013-05-28","Wangag","2014-06-23",626,10.7,"Wangag","2015-05-31",2025,11.4
90,"APCL14_065","APCL15_402230",6.3,10.1,"2014-06-13","2015-05-30",414,419,NA,NA,"Palanas","Palanas",1960,2702,96,"09:58:00",96,10.87337399,124.71213531,1415,1692,154,"14:19:00",154,10.87287807,124.71218872,3.8,NA,NA,"APCL14_065","APCL15_402230",NA,NA,NA,NA,4.9,181,"Wangag","2013-05-28","Palanas","2014-06-13",414,6.3,"Palanas","2015-05-30",419,10.1
91,"APCL14_403","APCL15_403393",4.3,7.7,"2014-06-23","2015-05-31",617,1105,NA,NA,"Wangag","Wangag",2485,3662,113,"15:58:00",113,10.87155056,124.71425629,1459,1728,157,"13:48:00",157,10.87154007,124.71411896,3.4,NA,NA,"APCL14_403","APCL15_403393",NA,NA,NA,NA,4.9,181,"Wangag","2013-05-28","Wangag","2014-06-23",617,4.3,"Wangag","2015-05-31",1105,7.7
92,"APCL14_331","APCL15_407646",4.9,10.2,"2014-06-24","2015-05-31",636,2024,NA,NA,"Wangag","Wangag",2526,3145,114,"09:38:00",114,10.87146568,124.71404266,1443,2184,156,"11:11:00",156,10.87141991,124.71398926,5.3,NA,NA,"APCL14_331","APCL15_407646",NA,NA,NA,NA,4.9,181,"Wangag","2013-05-28","Wangag","2014-06-24",636,4.9,"Wangag","2015-05-31",2024,10.2
93,"APCL14_419","APCL15_407670",5.4,8.8,"2014-06-23","2015-05-31",628,2041,NA,NA,"Wangag","Wangag",2497,3122,113,"16:59:00",113,10.8714304,124.71401978,1479,1745,157,"15:10:00",157,10.87141705,124.71404266,3.4,NA,NA,"APCL14_419","APCL15_407670",NA,NA,NA,NA,4.9,181,"Wangag","2013-05-28","Wangag","2014-06-23",628,5.4,"Wangag","2015-05-31",2041,8.8
94,"APCL14_410","APCL15_407401",5,8.5,"2014-06-23","2015-05-31",623,2039,NA,NA,"Wangag","Wangag",2492,3117,113,"16:26:00",113,10.87155724,124.71412659,1478,1744,157,"15:06:00",157,10.87143707,124.71404266,3.5,NA,NA,"APCL14_410","APCL15_407401",NA,NA,NA,NA,4.9,181,"Wangag","2013-05-28","Wangag","2014-06-23",623,5,"Wangag","2015-05-31",2039,8.5
95,"APCL14_004","APCL15_001",10,10.2,"2014-06-07","2015-05-28",376,1338,NA,NA,"Visca","Visca",1865,2613,86,"15:26:00",86,10.74358177,124.78662109,1318,1604,149,"10:40:00",149,10.74351978,124.78659058,0.199999999999999,NA,NA,"APCL14_004","APCL15_001",NA,NA,NA,NA,4.9,181,"Wangag","2013-05-28","Visca","2014-06-07",376,10,"Visca","2015-05-28",1338,10.2
96,"APCL14_071","APCL15_406037",4.5,9.6,"2014-06-13","2015-05-30",418,417,NA,NA,"Palanas","Palanas",1967,3423,96,"10:22:00",96,10.87313747,124.71217346,1423,1699,154,"14:47:00",154,10.87304401,124.71218109,5.1,NA,NA,"APCL14_071","APCL15_406037",NA,NA,NA,NA,4.9,181,"Wangag","2013-05-28","Palanas","2014-06-13",418,4.5,"Palanas","2015-05-30",417,9.6
97,"APCL14_086","APCL15_407082",4,9,"2014-06-13","2015-05-30",426,426,NA,NA,"Palanas","Palanas",1984,3437,96,"11:24:00",96,10.87291241,124.71192169,1411,1689,154,"14:03:00",154,10.87277222,124.71183777,5,NA,NA,"APCL14_086","APCL15_407082",NA,NA,NA,NA,4.9,181,"Wangag","2013-05-28","Palanas","2014-06-13",426,4,"Palanas","2015-05-30",426,9
98,"APCL14_262","APCL15_371727",6.8,8.8,"2014-06-22","2015-06-14",539,NA,NA,NA,"Sitio Baybayon","Sitio Baybayon",2285,3596,110,"09:47:00",110,10.63428116,124.77668762,1824,2080,178,"11:21:00",178,10.63424301,124.77680969,2,NA,NA,"APCL14_262","APCL15_371727",NA,NA,NA,NA,4.9,181,"Wangag","2013-05-28","Sitio Baybayon","2014-06-22",539,6.8,"Sitio Baybayon","2015-06-14",NA,8.8
99,"APCL14_287","APCL15_355870",9.2,10.5,"2014-06-22","2015-06-14",556,1192,NA,NA,"Sitio Baybayon","Sitio Baybayon",2310,3611,111,"13:24:00",111,10.63453197,124.77637482,1838,2094,179,"14:23:00",179,10.63453293,124.77633667,1.3,NA,NA,"APCL14_287","APCL15_355870",NA,NA,NA,NA,4.9,181,"Wangag","2013-05-28","Sitio Baybayon","2014-06-22",556,9.2,"Sitio Baybayon","2015-06-14",1192,10.5
100,"APCL14_317","APCL15_372099",7.1,8.3,"2014-06-22","2015-06-14",553,574,NA,NA,"Sitio Baybayon","Sitio Baybayon",2337,3035,111,"15:25:00",111,10.63522816,124.77613068,1850,2407,179,"15:42:00",179,10.63509369,124.77607727,1.2,NA,NA,"APCL14_317","APCL15_372099",NA,NA,NA,NA,4.9,181,"Wangag","2013-05-28","Sitio Baybayon","2014-06-22",553,7.1,"Sitio Baybayon","2015-06-14",574,8.3
101,"APCL14_063","APCL15_404670",4.4,10,"2014-06-12","2015-06-14",412,769,NA,NA,"Sitio Baybayon","Sitio Baybayon",1951,3413,95,"17:07:00",95,10.63393974,124.77657318,1807,2064,178,"10:00:00",178,10.63400936,124.77655029,5.6,NA,NA,"APCL14_063","APCL15_404670",NA,NA,NA,NA,4.9,181,"Wangag","2013-05-28","Sitio Baybayon","2014-06-12",412,4.4,"Sitio Baybayon","2015-06-14",769,10
102,"APCL14_254","APCL15_356249",9.2,9.6,"2014-06-22","2015-06-14",535,535,NA,NA,"Sitio Baybayon","Sitio Baybayon",2277,2977,110,"09:11:00",110,10.63401318,124.77661133,1808,2372,178,"10:07:00",178,10.63405228,124.77651978,0.4,NA,NA,"APCL14_254","APCL15_356249",NA,NA,NA,NA,4.9,181,"Wangag","2013-05-28","Sitio Baybayon","2014-06-22",535,9.2,"Sitio Baybayon","2015-06-14",535,9.6
103,"APCL14_266","APCL15_355505",7.5,9.2,"2014-06-22","2015-06-14",542,542,NA,NA,"Sitio Baybayon","Sitio Baybayon",2288,3598,110,"10:00:00",110,10.63429356,124.77677155,1828,2084,178,"11:43:00",178,10.6343441,124.77675629,1.7,NA,NA,"APCL14_266","APCL15_355505",NA,NA,NA,NA,4.9,181,"Wangag","2013-05-28","Sitio Baybayon","2014-06-22",542,7.5,"Sitio Baybayon","2015-06-14",542,9.2
104,"APCL14_293","APCL15_369541",4.6,9.4,"2014-06-22","2015-06-14",559,1153,NA,NA,"Sitio Baybayon","Sitio Baybayon",2314,3615,111,"13:43:00",111,10.63463402,124.7763443,1839,2095,179,"14:31:00",179,10.63457108,124.77638245,4.8,NA,NA,"APCL14_293","APCL15_369541",NA,NA,NA,NA,4.9,181,"Wangag","2013-05-28","Sitio Baybayon","2014-06-22",559,4.6,"Sitio Baybayon","2015-06-14",1153,9.4
105,"APCL13_599","APCL15_355908",8.6,9.7,"2013-06-03","2015-06-14",NA,NA,NA,NA,"Sitio Baybayon","Sitio Baybayon",3639,5127,56,"14:54:00",56,10.634161,124.77666473,1824,2384,178,"11:21:00",178,10.63424301,124.77680969,1.1,NA,"APCL13_599",NA,"APCL15_355908",NA,NA,NA,NA,8.6,NA,"Sitio Baybayon","2013-06-03",NA,NA,NA,NA,"Sitio Baybayon","2015-06-14",NA,9.7
106,"APCL14_281","APCL15_373315",7.3,10.4,"2014-06-22","2015-06-14",551,764,NA,NA,"Sitio Baybayon","Sitio Baybayon",2302,3000,110,"11:03:00",110,10.63445854,124.77651978,1833,2089,179,"13:39:00",179,10.63443375,124.77642059,3.1,NA,NA,"APCL14_281","APCL15_373315",NA,NA,NA,NA,4.9,181,"Wangag","2013-05-28","Sitio Baybayon","2014-06-22",551,7.3,"Sitio Baybayon","2015-06-14",764,10.4
107,"APCL14_280","APCL15_355571",7.8,10,"2014-06-22","2015-06-14",551,1009,NA,NA,"Sitio Baybayon","Sitio Baybayon",2302,3606,110,"11:03:00",110,10.63445854,124.77651978,1837,2395,179,"14:13:00",179,10.63450718,124.77633667,2.2,NA,NA,"APCL14_280","APCL15_355571",NA,NA,NA,NA,4.9,181,"Wangag","2013-05-28","Sitio Baybayon","2014-06-22",551,7.8,"Sitio Baybayon","2015-06-14",1009,10
108,"APCL14_075","APCL15_405523",6.3,10,"2014-06-13","2015-05-30",421,876,NA,NA,"Palanas","Palanas",1974,2715,96,"10:44:00",96,10.87301064,124.71218872,1417,1694,154,"14:26:00",154,10.87284946,124.71224976,3.7,NA,NA,"APCL14_075","APCL15_405523",NA,NA,NA,NA,4.9,181,"Wangag","2013-05-28","Palanas","2014-06-13",421,6.3,"Palanas","2015-05-30",876,10
109,"APCL14_423","APCL15_403777",5.5,9.3,"2014-06-24","2015-05-31",651,1134,NA,NA,"Wangag","Wangag",2553,3170,114,"10:54:00",114,10.87169743,124.71398926,1449,1719,156,"11:36:00",156,10.87139511,124.71405029,3.8,NA,NA,"APCL14_423","APCL15_403777",NA,NA,NA,NA,4.9,181,"Wangag","2013-05-28","Wangag","2014-06-24",651,5.5,"Wangag","2015-05-31",1134,9.3
110,"APCL13_453","APCL15_375598",2.4,9.1,"2013-05-31","2015-05-29",258,726,NA,NA,"Palanas","Palanas",3511,4929,47,"09:37:00",47,10.87373924,124.71079254,1374,1654,152,"14:31:00",152,10.87438774,124.71073151,6.7,NA,"APCL13_453",NA,"APCL15_375598",NA,NA,NA,NA,2.4,258,"Palanas","2013-05-31",NA,NA,NA,NA,"Palanas","2015-05-29",726,9.1
111,"APCL14_107","APCL15_403062",5,9.1,"2014-06-13","2015-05-30",435,435,NA,NA,"Palanas","Palanas",2003,2744,98,"15:41:00",98,10.87355995,124.71167755,1394,2153,153,"11:09:00",153,10.87364864,124.7114563,4.1,NA,NA,"APCL14_107","APCL15_403062",NA,NA,NA,NA,4.9,181,"Wangag","2013-05-28","Palanas","2014-06-13",435,5,"Palanas","2015-05-30",435,9.1
112,"APCL14_417","APCL15_402510",4.9,10.2,"2014-06-23","2015-05-31",627,2026,NA,NA,"Wangag","Wangag",2495,3120,113,"16:50:00",113,10.8714571,124.71404266,1451,2188,156,"11:43:00",156,10.87140369,124.71404266,5.3,NA,NA,"APCL14_417","APCL15_402510",NA,NA,NA,NA,4.9,181,"Wangag","2013-05-28","Wangag","2014-06-23",627,4.9,"Wangag","2015-05-31",2026,10.2
113,"APCL14_074","APCL15_404741",4.1,8.2,"2014-06-13","2015-05-30",420,909,NA,NA,"Palanas","Palanas",1972,3428,96,"10:40:00",96,10.87303543,124.71217346,1419,1696,154,"14:39:00",154,10.87295628,124.71218872,4.1,NA,NA,"APCL14_074","APCL15_404741",NA,NA,NA,NA,4.9,181,"Wangag","2013-05-28","Palanas","2014-06-13",420,4.1,"Palanas","2015-05-30",909,8.2
114,"APCL14_427","APCL15_406108",3.7,8.4,"2014-06-24","2015-05-31",654,1134,NA,NA,"Wangag","Wangag",2557,3679,114,"11:08:00",114,10.87168789,124.71389771,1449,2187,156,"11:36:00",156,10.87139511,124.71405029,4.7,NA,NA,"APCL14_427","APCL15_406108",NA,NA,NA,NA,4.9,181,"Wangag","2013-05-28","Wangag","2014-06-24",654,3.7,"Wangag","2015-05-31",1134,8.4
115,"APCL14_398","APCL15_374339",8.1,9.6,"2014-06-23","2015-06-01",613,890,NA,NA,"Wangag","Wangag",2481,3106,113,"15:45:00",113,10.87150002,124.71425629,1487,1752,158,"10:15:00",158,10.87152195,124.71424866,1.5,NA,NA,"APCL14_398","APCL15_374339",NA,NA,NA,NA,4.9,181,"Wangag","2013-05-28","Wangag","2014-06-23",613,8.1,"Wangag","2015-06-01",890,9.6
116,"APCL14_437","APCL15_399786",4.8,8.2,"2014-06-24","2015-05-30",662,2021,NA,884,"Wangag","Palanas",2564,3683,115,"13:30:00",115,10.87184334,124.71381378,1427,2174,154,"15:12:00",154,10.87326717,124.71217346,3.4,NA,NA,"APCL14_437","APCL15_399786",NA,NA,NA,NA,4.9,181,"Wangag","2013-05-28","Wangag","2014-06-24",662,4.8,"Palanas","2015-05-30",2021,8.2
117,"APCL14_001","APCL15_374542",7.1,9.4,"2014-06-07","2015-05-28",375,776,NA,NA,"Visca","Visca",1862,2611,86,"15:01:00",86,10.74388599,124.78634644,1317,1603,149,"10:13:00",149,10.74384308,124.78652954,2.3,NA,NA,"APCL14_001","APCL15_374542",NA,NA,NA,NA,4.9,181,"Wangag","2013-05-28","Visca","2014-06-07",375,7.1,"Visca","2015-05-28",776,9.4
118,"APCL14_190","APCL15_373608",3.7,6.4,"2014-06-17","2015-05-29",499,478,NA,NA,"Palanas","Palanas",2171,2891,103,"14:25:00",103,10.87375641,124.71138,1385,2149,152,"15:50:00",152,10.87355423,124.71112823,2.7,NA,NA,"APCL14_190","APCL15_373608",NA,NA,NA,NA,4.9,181,"Wangag","2013-05-28","Palanas","2014-06-17",499,3.7,"Palanas","2015-05-29",478,6.4
119,"APCL14_252","APCL15_372245",7,9.2,"2014-06-22","2015-06-14",533,534,NA,NA,"Sitio Baybayon","Sitio Baybayon",2275,3589,110,"09:02:00",110,10.63396645,124.7766037,1806,2063,178,"09:52:00",178,10.63406181,124.77655792,2.2,NA,NA,"APCL14_252","APCL15_372245",NA,NA,NA,NA,4.9,181,"Wangag","2013-05-28","Sitio Baybayon","2014-06-22",533,7,"Sitio Baybayon","2015-06-14",534,9.2
120,"APCL14_278","APCL15_354053",9.4,10,"2014-06-22","2015-06-14",550,550,NA,NA,"Sitio Baybayon","Sitio Baybayon",2301,2999,110,"10:53:00",110,10.6344738,124.77655029,1831,2390,179,"13:33:00",179,10.6344347,124.77646637,0.6,NA,NA,"APCL14_278","APCL15_354053",NA,NA,NA,NA,4.9,181,"Wangag","2013-05-28","Sitio Baybayon","2014-06-22",550,9.4,"Sitio Baybayon","2015-06-14",550,10
121,"APCL14_295","APCL15_355541",4.6,9.4,"2014-06-22","2015-06-14",561,2172,NA,NA,"Sitio Baybayon","Sitio Baybayon",2316,3014,111,"13:50:00",111,10.63466072,124.77637482,1846,2403,179,"15:11:00",179,10.6348238,124.77625275,4.8,NA,NA,"APCL14_295","APCL15_355541",NA,NA,NA,NA,4.9,181,"Wangag","2013-05-28","Sitio Baybayon","2014-06-22",561,4.6,"Sitio Baybayon","2015-06-14",2172,9.4
