"Second.ID","First.ID","Loci.typed","Loci.typed.1","Matching.loci","Mismatching.loci","pID","pIDsib","Status","First.digest_ID","First.extraction_ID","First.sample_ID","Second.digest_ID","Second.extraction_ID","Second.sample_ID","First.anem_table_id","First.fish_table_id","First.Size","First.dive_table_id","First.ObsTime","First.id","First.Date","First.Name","Second.anem_table_id","Second.fish_table_id","Second.Size","Second.dive_table_id","Second.ObsTime","Second.id","Second.Date","Second.Name","First.lat","Second.lat","First.lon","Second.lon","date_eval","distkm","disteval","size_eval"
"L0691","L0344",808,809,747,61,0,0,"Fuzzy match","D0649","E0436","APCL13_313","D0952","E0744","APCL13_626",3292,4319,4.9,40,"14:45:50",40,NA,"Wangag North, Damulaan",3709,4619,4.9,58,"12:44:00",58,NA,"Wangag South, Damulaan",10.87150002,10.87152004,124.71417236,124.71416473,NA,0.00237528039623401,NA,NA
"L0712","L0696",809,808,781,27,0,0,"Fuzzy match","D0969","E0771","APCL13_653","D1080","E1010","APCL14_244",3768,4660,3.6,60,"16:27:30",60,NA,"Magbangon South, Tinag-an",2265,2966,8.1,105,"15:33:00",105,NA,"Magbangon",10.86112881,10.86127186,124.72148132,124.72146606,NA,0.0159937099486868,NA,NA
"L0722","L0424",808,809,805,3,0,0,"Fuzzy match","D0427","E0214","APCL13_089","D1039","E0791","APCL14_006",2883,4108,7.9,28,"16:06:30",28,NA,"Visca",1866,2614,8.8,86,"15:49:30",86,NA,"Visca",10.74401379,10.74289894,124.78630066,124.7870636,NA,0.149380020137445,NA,NA
"L0726","L0670",809,809,803,6,0,0,"Fuzzy match","D0897","E0684","APCL13_565","D1045","E0832","APCL14_049",3612,4561,9.6,55,"12:54:00",55,NA,"Sitio Baybayon, Punta",1934,2680,8.8,95,"15:44:00",95,NA,"Sitio Baybayon, Punta",10.63360119,10.63356972,124.77679443,124.77679443,NA,0.00350104080065571,NA,NA
"L0737","L0678",809,800,770,30,0,0,"Fuzzy match","D0918","E0705","APCL13_587","D1081","E1019","APCL14_253",3630,4577,9.1,56,"14:22:00",56,NA,"Sitio Baybayon, Punta",2276,2976,9.3,110,"09:10:00",110,NA,"Sitio Baybayon, Punta",10.63401985,10.63399982,124.7766571,124.77661133,NA,0.00547588247054744,NA,NA
"L0893","L0485",779,809,753,26,0,0,"Fuzzy match","D0842","E0152","APCL13_027","D0982","E0802","APCL14_017",2813,4047,9.4,24,"11:00:00",24,NA,"Poroc San Flower, Marcos",1875,3760,9.3,88,"10:12:00",88,NA,"Poroc San Flower, Marcos",10.76447487,10.76441574,124.78541565,124.78531647,NA,0.0126734178170279,NA,NA
"L0921","L0874",768,809,745,23,0,0,"Fuzzy match","D0904","E0691","APCL13_572","D1049","E0842","APCL14_060",3618,4566,3,55,"13:16:00",55,NA,"Sitio Baybayon, Punta",1948,2693,8.5,95,"16:49:00",95,NA,"Sitio Baybayon, Punta",10.63368797,10.63393497,124.77679443,124.77667999,NA,0.0301786754472852,NA,NA
"L0923","L0658",804,809,793,11,0,0,"Fuzzy match","D0821","E0608","APCL13_485","D1052","E0871","APCL14_095",3549,4944,2.7,49,"13:22:00",49,NA,"Palanas South, Damulaan",1995,2736,7.5,98,"14:52:00",98,NA,"Palanas",10.87311363,10.8730669,124.71195984,124.71209717,NA,0.0158709559080593,NA,NA
"L1013","L0683",809,807,793,14,0,0,"Fuzzy match","D0932","E0719","APCL13_601","D1405","E1034","APCL14_268",3641,4997,5.3,57,"15:28:00",57,NA,"Sitio Baybayon, Punta",2292,3600,8.3,110,"10:09:00",110,NA,"Sitio Baybayon, Punta",10.6341114,10.63437366,124.77667999,124.77676392,NA,0.0305706400601294,NA,NA
"L1092","L1084",807,809,804,3,0,0,"Fuzzy match","D0458","E0245","APCL13_120","D0469","E0256","APCL13_131",2907,4739,11.1,30,"12:55:15",30,NA,"Elementary School, Hilapnitan",2923,4141,10.7,31,"16:15:30",31,NA,"Elementary School, Hilapnitan",10.79913616,10.79891205,124.76850128,124.76868439,NA,0.0319533089942015,NA,NA
"L1098","L0723",806,809,788,18,0,0,"Fuzzy match","D1040","E0819","APCL14_036","D0483","E0270","APCL13_145",1916,3917,11.1,94,"11:34:00",94,NA,"Tamakin Dacot, Punta",2948,4763,9.6,32,"10:45:30",32,NA,"Tamakin Dacot, Palhi",10.65214634,10.65284348,124.78382111,124.78369904,NA,0.0786578331935258,NA,NA
"L1218","L1206",756,806,721,32,0,0,"Fuzzy match","D1382","E1055","APCL14_289","D0889","E0676","APCL13_557",2311,3612,9.5,111,"13:30:00",111,NA,"Sitio Baybayon, Punta",3605,4975,8,55,"12:33:02",55,NA,"Sitio Baybayon, Punta",10.6344986,10.63339806,124.77636719,124.77693939,NA,0.137425918683513,NA,NA
"L1282","L0884",809,809,782,27,0,0,"Fuzzy match","D0944","E0733","APCL13_615","D1088","E1251","APCL14_390",3675,4606,5.3,58,"11:44:30",58,NA,"Wangag South, Damulaan",2473,3098,9.1,113,"15:16:00",113,NA,"Wangag",10.87079906,10.87137794,124.71453857,124.71421051,NA,0.0736658150874294,NA,NA
"L1621","L0728",808,808,804,4,0,0,"Fuzzy match","D1058","E0907","APCL14_140","D0518","E0305","APCL13_181",2076,2810,7.8,101,"15:56:00",101,NA,"Sitio Baybayon, Punta",2983,4778,4.2,34,"15:47:00",34,NA,"Sitio Baybayon, Punta",10.63351631,10.63342381,124.77690887,124.77700806,NA,0.0149428882772867,NA,NA
"L1701","L1101",809,808,806,2,0,0,"Fuzzy match","D0488","E0275","APCL13_150","D1013","E0895","APCL14_126",2955,4172,3.2,33,"12:04:15",33,NA,"Haina",2049,2788,8.1,99,"11:54:00",99,NA,"Haina, Punta",10.64080429,NA,124.78508759,NA,NA,NA,NA,NA
"L1739","L0434",808,801,778,22,0,0,"Fuzzy match","D0485","E0272","APCL13_147","D1800","E0815","APCL14_032",2951,4168,11,32,"11:03:30",32,NA,"Tamakin Dacot, Palhi",1913,2659,9.6,94,"11:14:00",94,NA,"Tamakin Dacot, Punta",10.65242672,10.65239716,124.78354645,124.78372192,NA,0.0194550199884923,NA,NA
"L1741","L0677",809,809,754,55,0,0,"Fuzzy match","D0915","E0702","APCL13_584","D1802","E0920","APCL14_153",3628,4575,8.2,56,"14:11:30",56,NA,"Sitio Baybayon, Punta",2106,2833,8.4,101,"17:10:00",101,NA,"Sitio Baybayon, Punta",10.63399601,10.63294792,124.77671814,124.77696228,NA,0.119557392335749,NA,NA
"L1766","L0311",807,802,793,9,0,0,"Fuzzy match","D0614","E0401","APCL13_278","D1849","E1770","APCL12_105",3105,4283,9.7,39,"11:33:30",39,NA,"Wangag North, Damulaan",4042,5303,9.6,10,"14:33:00",10,NA,"Wangag, Damulaan",10.87183952,10.87185574,124.71380615,124.71382141,NA,0.00245366884773173,NA,NA
"L2213","L1311",809,768,750,18,0,0,"Fuzzy match","D0820","E0607","APCL13_484","D1845","E1763","APCL12_098",3549,4503,10.5,49,"13:22:00",49,NA,"Palanas South, Damulaan",4000,5603,10.3,9,"13:01:00",9,NA,"Palanas, Damulaan",10.87311363,10.87332439,124.71195984,124.71218872,NA,0.0342621740258584,NA,NA
"L2226","L0372",808,775,753,21,0,0,"Fuzzy match","D0691","E0478","APCL13_355","D1873","E1831","APCL12_167",3359,4875,9.3,42,"11:49:00",42,NA,"Magbangon North, Tinag-an",4155,5369,5.6,13,"14:06:00",13,NA,"Magbangon, Tinag-an",10.85840416,10.85841942,124.72447205,124.72434998,NA,0.013437956451289,NA,NA
"L2238","L0719",803,774,743,26,0,0,"Fuzzy match","D1036","E0788","APCL14_003","D1934","E0633","APCL13_510",1862,3756,9.9,86,"15:01:00",86,NA,"Visca",3578,4529,10.4,51,"17:18:00",51,NA,"Visca",10.74388599,10.74427032,124.78634644,124.78650665,NA,0.0461807290021132,NA,NA
"L2265","L1268",808,721,687,33,0,0,"Fuzzy match","D0798","E0585","APCL13_462","D2537","E1742","APCL12_077",3519,4932,9.7,48,"10:44:50",48,NA,"Palanas North, Damulaan",3936,5244,8,8,"10:02:00",8,NA,"Palanas, Damulaan",10.87378311,10.87396812,124.71086121,124.71099091,NA,0.0249761038856074,NA,NA
"L2268","L0655",804,784,746,34,0,0,"Fuzzy match","D0807","E0594","APCL13_471","D2544","E1761","APCL12_096",3534,4937,10.3,48,"11:23:00",48,NA,"Palanas North, Damulaan",3982,5727,7.4,9,"12:19:00",9,NA,"Palanas, Damulaan",10.87316227,10.8730402,124.71168518,124.71157837,NA,0.0178964997610158,NA,NA
"L2269","L0315",808,776,755,20,0,0,"Fuzzy match","D0619","E0406","APCL13_283","D2546","E1765","APCL12_100",3120,4831,8.7,39,"11:47:30",39,NA,"Wangag North, Damulaan",4049,5306,6.4,10,"14:44:00",10,NA,"Wangag, Damulaan",10.87176418,10.87184143,124.71387482,124.71386719,NA,0.00863076211936895,NA,NA
"L2273","L0390",798,719,665,44,0,0,"Fuzzy match","D0713","E0500","APCL13_377","D2557","E1797","APCL12_132",3385,5088,10.2,43,"15:23:00",43,NA,"Magbangon South, Tinag-an",4130,5349,9.1,11,"09:48:00",11,NA,"Cabuto-an, Tinag-an",10.85627556,10.85628796,124.72579193,124.7258606,NA,0.00762443339923186,NA,NA
"L2318","L0690",809,807,783,24,0,0,"Fuzzy match","D0950","E0740","APCL13_622","D2669","E2319","APCL12_274",3706,4616,8.7,58,"12:27:00",58,NA,"Wangag South, Damulaan",4426,5506,6.2,21,"11:39:00",21,NA,"Wangag, Damulaan",10.87146568,10.87147903,124.71424866,124.71411896,NA,0.0142402946949035,NA,NA
"L2319","L0341",809,809,801,8,0,0,"Fuzzy match","D0646","E0433","APCL13_310","D2671","E2321","APCL12_276",3264,4318,8,40,"14:37:30",40,NA,"Wangag North, Damulaan",4444,5508,4.5,21,"11:44:00",21,NA,"Wangag, Damulaan",10.87146759,10.87151814,124.71418762,124.71411896,NA,0.00937074390448174,NA,NA
"L2348","L1102",807,766,742,24,0,0,"Fuzzy match","D0490","E0277","APCL13_152","D1962","E0894","APCL14_125",2955,5056,5.2,33,"12:04:15",33,NA,"Haina",2047,2786,8.8,99,"11:38:00",99,NA,"Haina, Punta",10.64080429,NA,124.78508759,NA,NA,NA,NA,NA
"L2368","L0346",809,808,801,7,0,0,"Fuzzy match","D0651","E0438","APCL13_315","D2549","E1777","APCL12_112",3311,4321,7.9,40,"14:53:15",40,NA,"Wangag North, Damulaan",4055,5311,3.8,10,"14:52:00",10,NA,"Wangag, Damulaan",10.87153053,10.8717947,124.71411896,124.71392822,NA,0.0360095229198691,NA,NA
"L2372","L0388",804,802,781,16,0,0,"Fuzzy match","D0711","E0498","APCL13_375","D2558","E1798","APCL12_133",3385,4385,9.2,43,"15:23:00",43,NA,"Magbangon South, Tinag-an",4130,5623,8.3,11,"09:48:00",11,NA,"Cabuto-an, Tinag-an",10.85627556,10.85628796,124.72579193,124.7258606,NA,0.00762443339923186,NA,NA
"L2373","L0379",808,788,762,25,0,0,"Fuzzy match","D0701","E0488","APCL13_365","D2559","E1799","APCL12_134",3380,4382,8.2,43,"14:58:30",43,NA,"Magbangon South, Tinag-an",4130,5733,7,11,"09:48:00",11,NA,"Cabuto-an, Tinag-an",10.85624027,10.85628796,124.72588348,124.7258606,NA,0.00586143784145134,NA,NA
"L2374","L0930",798,802,714,77,0,0,"Fuzzy match","D1071","E0970","APCL14_204","D2563","E1804","APCL12_139",2193,3557,10.2,104,"09:03:00",104,NA,"Magbangon",4136,5627,9.8,11,"10:11:00",11,NA,"Cabuto-an, Tinag-an",10.85659122,10.85653782,124.72569275,124.72567749,NA,0.00616714192925337,NA,NA
"L2375","L0391",809,798,781,17,0,0,"Fuzzy match","D0715","E0502","APCL13_379","D2565","E1806","APCL12_141",3392,4390,8.5,43,"15:33:45",43,NA,"Magbangon South, Tinag-an",4137,5628,8.5,11,"10:20:00",11,NA,"Cabuto-an, Tinag-an",10.85648632,10.85671711,124.7257309,124.72550201,NA,0.0358242092315388,NA,NA
"L2410","L0400",762,758,687,25,0,0,"Fuzzy match","D0726","E0513","APCL13_390","D2284","E1233","APCL14_372",3401,4898,2.4,44,"08:52:30",44,NA,"Wangag South, Damulaan",2382,3645,7,112,"11:05:00",112,NA,"Wangag",10.86903572,10.86957455,124.71647644,124.71617889,NA,0.0681584532080739,NA,NA
"L2415","L0277",806,754,714,37,0,0,"Fuzzy match","D0580","E0367","APCL13_244","D2524","E1727","APCL12_062",3046,4809,8.7,37,"14:45:00",37,NA,"Palanas, Damulaan",3915,5226,7.1,8,"09:25:00",8,NA,"Palanas, Damulaan",10.87427521,10.87408447,124.71065521,124.71056366,NA,0.0234472889433756,NA,NA
"L2434","L0316",802,808,790,11,0,0,"Fuzzy match","D0620","E0407","APCL13_284","D2644","E2293","APCL12_249",3133,4295,9.2,39,"11:55:30",39,NA,"Wangag North, Damulaan",4275,5688,6.6,20,"09:18:00",20,NA,"Wangag, Damulaan",10.87174129,10.87162113,124.71392822,124.71391296,NA,0.0134650920220224,NA,NA
"L2436","L0327",807,808,790,16,0,0,"Fuzzy match","D0631","E0418","APCL13_295","D2651","E2301","APCL12_256",3200,4307,9,39,"12:36:00",39,NA,"Wangag North, Damulaan",4334,5693,5.1,20,"09:45:00",20,NA,"Wangag, Damulaan",10.87144566,10.87141991,124.71403503,124.71394348,NA,0.010399640839892,NA,NA
"L2437","L0340",809,809,805,4,0,0,"Fuzzy match","D0645","E0432","APCL13_309","D2670","E2320","APCL12_275",3263,4317,7,40,"14:34:00",40,NA,"Wangag North, Damulaan",4422,5754,4.1,21,"11:35:00",21,NA,"Wangag, Damulaan",10.8714447,10.87143612,124.71421051,124.71405792,NA,0.0166899925911451,NA,NA
"L2463","L0721",809,809,798,11,0,0,"Fuzzy match","D1038","E0790","APCL14_005","D2266","E1691","APCL12_026",1865,3353,11,86,"15:26:00",86,NA,"Visca",3887,5201,11.5,4,"15:44:00",4,NA,"Visca",10.74358177,10.74386311,124.78662109,124.78636932,NA,0.0416555057521397,NA,NA
"L2472","L1624",794,808,777,17,0,0,"Fuzzy match","D0533","E0320","APCL13_196","D2530","E1733","APCL12_068",2994,4206,7.6,35,"10:21:15",35,NA,"Palanas, Damulaan",3942,5723,3,8,"10:13:00",8,NA,"Palanas, Damulaan",10.87379265,10.87375546,124.71130371,124.71125031,NA,0.00714857120237349,NA,NA
"L2476","L0395",808,806,791,14,0,0,"Fuzzy match","D0720","E0507","APCL13_384","D2566","E1807","APCL12_142",3396,5089,9,43,"15:59:45",43,NA,"Magbangon South, Tinag-an",4139,5357,8.2,11,"10:26:00",11,NA,"Cabuto-an, Tinag-an",10.85665703,10.85672665,124.72536469,124.72541809,NA,0.00969177341648637,NA,NA
"L2481","L0373",809,809,808,1,0,0,"Fuzzy match","D0692","E0479","APCL13_356","D2586","E1832","APCL12_168",3364,4370,9.5,42,"12:10:15",42,NA,"Magbangon North, Tinag-an",4156,5370,5.1,13,"14:08:00",13,NA,"Magbangon, Tinag-an",10.85842037,10.85839653,124.7243576,124.72437286,NA,0.00313142608890657,NA,NA
"L2533","L0291",745,768,664,41,0,0,"Fuzzy match","D0594","E0381","APCL13_258","D2209","E1211","APCL14_350",3055,4256,4.7,38,"09:30:50",38,NA,"Wangag South, Damulaan",2347,3043,8.4,112,"09:11:00",112,NA,"Wangag",10.86881733,10.86886883,124.71669006,124.71650696,NA,0.0207984150249986,NA,NA
"L2554","L0719",803,808,788,15,0,0,"Fuzzy match","D1036","E0788","APCL14_003","D2269","E1694","APCL12_029",1862,3756,9.9,86,"15:01:00",86,NA,"Visca",3883,5716,10.4,4,"15:22:00",4,NA,"Visca",10.74388599,10.74403858,124.78634644,124.78627014,NA,0.0189042854569448,NA,NA
"L2554","L2238",774,808,759,15,0,0,"Fuzzy match","D1934","E0633","APCL13_510","D2269","E1694","APCL12_029",3578,4529,10.4,51,"17:18:00",51,NA,"Visca",3883,5716,10.4,4,"15:22:00",4,NA,"Visca",10.74427032,10.74403858,124.78650665,124.78627014,NA,0.0364911082670225,NA,NA
"L2563","L0285",809,808,804,4,0,0,"Fuzzy match","D0588","E0375","APCL13_252","D2525","E1728","APCL12_063",3050,4251,7.5,37,"15:14:30",37,NA,"Palanas, Damulaan",3915,5567,3.4,8,"09:25:00",8,NA,"Palanas, Damulaan",10.87409592,10.87408447,124.71072388,124.71056366,NA,0.0175419777915995,NA,NA
"L2569","L0416",807,809,797,10,0,0,"Fuzzy match","D0382","E0169","APCL13_044","D2597","E1847","APCL12_183",2835,4066,9.1,25,"13:26:30",25,NA,"Poroc Rose, Marcos",4178,5385,7.8,14,"09:21:00",14,NA,"Poroc Rose, Marcos",10.75649357,10.75654697,124.78585052,124.7858429,NA,0.00599522232031301,NA,NA
"L2570","L0417",808,809,801,7,0,0,"Fuzzy match","D0383","E0170","APCL13_045","D2598","E1848","APCL12_184",2835,4701,8.9,25,"13:26:30",25,NA,"Poroc Rose, Marcos",4178,5648,7.7,14,"09:21:00",14,NA,"Poroc Rose, Marcos",10.75649357,10.75654697,124.78585052,124.7858429,NA,0.00599522232031301,NA,NA
"L2571","L0420",793,809,778,15,0,0,"Fuzzy match","D0398","E0185","APCL13_060","D2603","E1853","APCL12_189",2846,5031,5.1,25,"14:24:45",25,NA,"Poroc Rose, Marcos",4188,5392,4.4,14,"09:52:00",14,NA,"Poroc Rose, Marcos",10.75499916,10.75514984,124.78512573,124.78507996,NA,0.0174851129751624,NA,NA
"L2576","L1284",809,809,808,1,0,0,"Fuzzy match","D1156","E0915","APCL14_148","D2702","E2352","APCL15_403603",2093,2824,7,101,"16:41:00",101,NA,"Sitio Baybayon, Punta",1766,2492,9.6,176,"10:59:00",176,NA,"Sitio Baybayon",10.63313866,10.63310909,124.7770462,124.77706146,NA,0.00368784226846,NA,NA
"L2587","L2506",809,805,803,2,0,0,"Fuzzy match","D1143","E0834","APCL14_051","D2715","E2357","APCL15_403045",1937,2682,4.2,95,"15:56:00",95,NA,"Sitio Baybayon, Punta",1778,2036,9.7,176,"11:55:00",176,NA,"Sitio Baybayon",10.63356781,10.63345242,124.77675629,124.77677155,NA,0.0129387442631843,NA,NA
"L2589","L0724",809,738,710,28,0,0,"Fuzzy match","D1043","E0825","APCL14_042","D2718","E2360","APCL15_363882",1929,2675,8.8,95,"15:09:00",95,NA,"Sitio Baybayon, Punta",1788,2046,9.6,177,"14:30:00",177,NA,"Sitio Baybayon",10.63364983,10.63364506,124.77677917,124.77680206,NA,0.00255621112780676,NA,NA
"L2597","L0954",809,806,794,12,0,0,"Fuzzy match","D1155","E0903","APCL14_134","D2726","E2368","APCL15_372549",2066,2804,4.5,101,"15:33:00",101,NA,"Sitio Baybayon, Punta",1786,2356,8.3,177,"14:17:00",177,NA,"Sitio Baybayon",10.63354683,10.63357258,124.7768631,124.7767868,NA,0.00881621335598776,NA,NA
"L2599","L0750",809,804,782,22,0,0,"Fuzzy match","D1142","E0830","APCL14_047","D2728","E2370","APCL15_369143",1933,2679,6.7,95,"15:33:00",95,NA,"Sitio Baybayon, Punta",1782,2040,9.8,176,"12:10:00",176,NA,"Sitio Baybayon",10.633564,10.63351822,124.77680969,124.77675629,NA,0.00774406725580951,NA,NA
"L2600","L0927",805,808,798,7,0,0,"Fuzzy match","D1059","E0908","APCL14_141","D2729","E2371","APCL15_368572",2066,3490,6,101,"15:33:00",101,NA,"Sitio Baybayon, Punta",1786,2044,8.8,177,"14:17:00",177,NA,"Sitio Baybayon",10.63354683,10.63357258,124.7768631,124.7767868,NA,0.00881621335598776,NA,NA
"L2606","L0752",809,808,804,4,0,0,"Fuzzy match","D1154","E0902","APCL14_133","D2738","E2380","APCL15_406841",2065,2803,5.2,101,"15:29:00",101,NA,"Sitio Baybayon, Punta",1778,2348,9.5,176,"11:55:00",176,NA,"Sitio Baybayon",10.63354874,10.63345242,124.7768631,124.77677155,NA,0.0146563620726552,NA,NA
"L2607","L1741",809,758,679,79,0,0,"Fuzzy match","D1802","E0920","APCL14_153","D2739","E2381","APCL15_405336",2106,2833,8.4,101,"17:10:00",101,NA,"Sitio Baybayon, Punta",1763,2021,9.6,176,"10:49:00",176,NA,"Sitio Baybayon",10.63294792,10.6328783,124.77696228,124.7769165,NA,0.00921655029221966,NA,NA
"L2607","L0677",809,758,730,28,0,0,"Fuzzy match","D0915","E0702","APCL13_584","D2739","E2381","APCL15_405336",3628,4575,8.2,56,"14:11:30",56,NA,"Sitio Baybayon, Punta",1763,2021,9.6,176,"10:49:00",176,NA,"Sitio Baybayon",10.63399601,10.6328783,124.77671814,124.7769165,NA,0.126160045759443,NA,NA
"L2608","L1335",804,808,788,15,0,0,"Fuzzy match","D1227","E0913","APCL14_146","D2740","E2382","APCL15_404548",2092,2823,8,101,"16:34:00",101,NA,"Sitio Baybayon, Punta",1771,2029,9.2,176,"11:20:00",176,NA,"Sitio Baybayon",10.63318062,10.63319778,124.77703857,124.77694702,NA,0.0101851019291316,NA,NA
"L2612","L0727",809,808,804,4,0,0,"Fuzzy match","D1046","E0833","APCL14_050","D2744","E2386","APCL15_354733",1934,3403,9.5,95,"15:44:00",95,NA,"Sitio Baybayon, Punta",1783,2041,10,176,"12:26:00",176,NA,"Sitio Baybayon",10.63356972,10.63355732,124.77679443,124.77677155,NA,0.00285438094218417,NA,NA
"L2615","L0771",809,805,795,10,0,0,"Fuzzy match","D1226","E0827","APCL14_044","D2748","E2390","APCL15_355853",1930,2676,6.5,95,"15:16:00",95,NA,"Sitio Baybayon, Punta",1788,2358,9.1,177,"14:30:00",177,NA,"Sitio Baybayon",10.63362694,10.63364506,124.77679443,124.77680206,NA,0.00218144706613385,NA,NA
"L2618","L1203",800,798,767,22,0,0,"Fuzzy match","D1379","E1051","APCL14_285","D2753","E2395","APCL15_372461",2307,3005,8,111,"13:11:00",111,NA,"Sitio Baybayon, Punta",1841,2398,9.4,179,"14:41:00",179,NA,"Sitio Baybayon",10.63462543,10.63463402,124.77641296,124.77636719,NA,0.00509210849956047,NA,NA
"L2620","L0951",809,809,798,11,0,0,"Fuzzy match","D1147","E0840","APCL14_057","D2756","E2398","APCL15_354533",1944,2689,6.7,95,"16:41:00",95,NA,"Sitio Baybayon, Punta",1794,2364,10,177,"15:10:00",177,NA,"Sitio Baybayon",10.63387489,10.63385296,124.77671814,124.77671051,NA,0.002579027058858,NA,NA
"L2623","L1204",796,809,784,12,0,0,"Fuzzy match","D1380","E1052","APCL14_286","D2762","E2404","APCL15_355880",2310,3008,7.8,111,"13:24:00",111,NA,"Sitio Baybayon, Punta",1837,2093,9.8,179,"14:13:00",179,NA,"Sitio Baybayon",10.63453197,10.63450718,124.77637482,124.77633667,NA,0.00499922464469311,NA,NA
"L2625","L1201",801,809,776,25,0,0,"Fuzzy match","D1377","E1049","APCL14_283","D2764","E2406","APCL15_371825",2304,3607,8.9,110,"11:14:00",110,NA,"Sitio Baybayon, Punta",1834,2090,10.7,179,"13:45:00",179,NA,"Sitio Baybayon",10.63443756,10.63444233,124.77640533,124.77638245,NA,0.00255621112780676,NA,NA
"L2629","L0933",808,746,709,36,0,0,"Fuzzy match","D1082","E1021","APCL14_255","D2769","E2411","APCL15_355896",2279,2979,8.2,110,"09:23:00",110,NA,"Sitio Baybayon, Punta",1812,2069,9.7,178,"10:25:00",178,NA,"Sitio Baybayon",10.63408375,10.63412952,124.77649689,124.77644348,NA,0.00774406725580951,NA,NA
"L2631","L1290",809,808,805,3,0,0,"Fuzzy match","D1245","E0817","APCL14_034","D2771","E2413","APCL15_127",1916,3389,7.2,94,"11:34:00",94,NA,"Tamakin Dacot, Punta",1737,2317,10.6,173,"12:09:00",173,NA,"Tamakin Dacot",10.65214634,10.65205574,124.78382111,124.78383636,NA,0.0102107315376125,NA,NA
"L2634","L0713",807,767,733,32,0,0,"Fuzzy match","D1015","E0901","APCL14_132","D2775","E2417","APCL15_371672",2059,2798,5.8,100,"14:23:00",100,NA,"Tamakin Dacot, Punta",1701,1959,10.7,171,"09:57:00",171,NA,"Tamakin Dacot",10.65287113,10.65289497,124.78383636,124.78353119,NA,0.0334537496191293,NA,NA
"L2676","L0434",808,792,768,23,0,0,"Fuzzy match","D0485","E0272","APCL13_147","D2835","E2477","APCL15_406357",2951,4168,11,32,"11:03:30",32,NA,"Tamakin Dacot, Palhi",1730,1988,10.8,173,"10:51:00",173,NA,"Tamakin Dacot",10.65242672,10.65244579,124.78354645,124.78363037,NA,0.00941248889311285,NA,NA
"L2676","L1739",801,792,756,29,0,0,"Fuzzy match","D1800","E0815","APCL14_032","D2835","E2477","APCL15_406357",1913,2659,9.6,94,"11:14:00",94,NA,"Tamakin Dacot, Punta",1730,1988,10.8,173,"10:51:00",173,NA,"Tamakin Dacot",10.65239716,10.65244579,124.78372192,124.78363037,NA,0.0113720441112278,NA,NA
"L2683","L1242",809,809,798,11,0,0,"Fuzzy match","D1138","E0818","APCL14_035","D2844","E2486","APCL15_126",1916,3772,8.5,94,"11:34:00",94,NA,"Tamakin Dacot, Punta",1737,1995,12.1,173,"12:09:00",173,NA,"Tamakin Dacot",10.65214634,10.65205574,124.78382111,124.78383636,NA,0.0102107315376125,NA,NA
"L2687","L0906",808,780,750,29,0,0,"Fuzzy match","D1014","E0898","APCL14_129","D2848","E2490","APCL15_364555",2052,3480,4.9,100,"13:48:00",100,NA,"Tamakin Dacot, Punta",1700,2286,10.7,171,"09:50:00",171,NA,"Tamakin Dacot",10.65287685,10.65284824,124.7834549,124.78343964,NA,0.00359252026653272,NA,NA
"L2745","L0700",807,798,741,55,0,0,"Fuzzy match","D0984","E0807","APCL14_022","D2911","E2553","APCL15_355398",1888,2634,6.8,91,"11:32:00",91,NA,"Cabatoan, Tinag-an",1657,2258,8.9,165,"14:37:00",165,NA,"Cabatoan",10.85486889,10.8548708,124.72753143,124.72754669,NA,0.00167689169881865,NA,NA
"L2748","L1228",807,798,773,23,0,0,"Fuzzy match","D0986","E0809","APCL14_024","D2916","E2558","APCL15_356339",1895,2641,4.8,91,"11:59:00",91,NA,"Cabatoan, Tinag-an",1653,1912,8.3,165,"14:16:00",165,NA,"Cabatoan",10.85494995,10.85496807,124.7278595,124.72773743,NA,0.0134821493617423,NA,NA
"L2750","L1340",804,787,757,25,0,0,"Fuzzy match","D1308","E1267","APCL14_406","D2937","E2579","APCL15_373511",2488,3113,4.2,113,"16:14:00",113,NA,"Wangag",1488,1753,7.9,158,"10:21:00",158,NA,"Wangag",10.87152386,10.8715601,124.7141571,124.71424866,NA,0.0107800692508842,NA,NA
"L2752","L0653",808,800,783,17,0,0,"Fuzzy match","D0761","E0548","APCL13_425","D2944","E2586","APCL15_403892",3476,4442,4.5,45,"11:43:20",45,NA,"Wangag South, Damulaan",1530,1794,8.1,159,"15:20:00",159,NA,"Wangag",10.86985397,10.86970425,124.71595764,124.71591187,NA,0.0173819764165364,NA,NA
"L2753","L0761",807,740,702,36,0,0,"Fuzzy match","D1191","E1275","APCL14_414","D2945","E2587","APCL15_403913",2494,3666,4.4,113,"16:45:00",113,NA,"Wangag",1477,1743,7.9,157,"15:03:00",157,NA,"Wangag",10.87147808,10.87143135,124.71405029,124.71407318,NA,0.00576531676753418,NA,NA
"L2756","L0884",809,793,755,38,0,0,"Fuzzy match","D0944","E0733","APCL13_615","D2955","E2597","APCL15_406954",3675,4606,5.3,58,"11:44:30",58,NA,"Wangag South, Damulaan",1472,2196,8.8,157,"14:43:00",157,NA,"Wangag",10.87079906,10.87138367,124.71453857,124.71414948,NA,0.0776593948584126,NA,NA
"L2756","L1282",809,793,777,16,0,0,"Fuzzy match","D1088","E1251","APCL14_390","D2955","E2597","APCL15_406954",2473,3098,9.1,113,"15:16:00",113,NA,"Wangag",1472,2196,8.8,157,"14:43:00",157,NA,"Wangag",10.87137794,10.87138367,124.71421051,124.71414948,NA,0.00669411667788039,NA,NA
"L2775","L0931",805,767,732,31,0,0,"Fuzzy match","D1072","E0986","APCL14_220","D2995","E2637","APCL15_372981",2236,3574,5.7,105,"13:37:00",105,NA,"Magbangon",1625,1884,9.1,163,"14:20:00",163,NA,"Magbangon",10.86101627,10.86092663,124.72172546,124.72180176,NA,0.0129919224081916,NA,NA
"L2776","L2453",808,801,785,16,0,0,"Fuzzy match","D2232","E1266","APCL14_405","D3001","E2739","APCL15_399614",2487,3112,4.2,113,"16:07:00",113,NA,"Wangag",1459,2190,9,157,"13:48:00",157,NA,"Wangag",10.87151909,10.87154007,124.71418762,124.71411896,NA,0.00785213057596992,NA,NA
"L2777","L0805",809,809,785,24,0,0,"Fuzzy match","D1457","E1250","APCL14_389","D3002","E2740","APCL15_406164",2470,3096,3.7,113,"15:09:00",113,NA,"Wangag",1457,1726,8.6,156,"12:17:00",156,NA,"Wangag",10.87132359,10.87146378,124.71421814,124.71398163,NA,0.0301665778996853,NA,NA
"L2779","L0702",806,808,797,8,0,0,"Fuzzy match","D0993","E0848","APCL14_066","D3028","E2766","APCL15_404854",1960,3418,3.5,96,"09:58:00",96,NA,"Palanas",1435,1708,9.2,154,"15:55:00",154,NA,"Palanas",10.87337399,10.87351036,124.71213531,124.7117691,NA,0.042768009290975,NA,NA
"L2780","L0783",809,809,734,75,0,0,"Fuzzy match","D1277","E0949","APCL14_182","D3030","E2768","APCL15_370935",2154,2878,5.5,102,"11:33:00",102,NA,"Palanas",1372,1652,10.1,152,"14:21:00",152,NA,"Palanas",10.87417698,10.87414646,124.71063995,124.71080017,NA,0.0178218108310931,NA,NA
"L2781","L0804",809,808,796,12,0,0,"Fuzzy match","D1314","E1281","APCL14_420","D3032","E2770","APCL15_403391",2497,3669,3.6,113,"16:59:00",113,NA,"Wangag",1446,1717,8.3,156,"11:22:00",156,NA,"Wangag",10.8714304,10.87141514,124.71401978,124.71401215,NA,0.00188918857628295,NA,NA
"L2782","L0964",808,807,769,37,0,0,"Fuzzy match","D1187","E1265","APCL14_404","D3033","E2771","APCL15_405904",2486,3111,5.6,113,"16:02:00",113,NA,"Wangag",1465,2192,9.4,157,"14:13:00",157,NA,"Wangag",10.87153625,10.87141228,124.71420288,124.71420288,NA,0.0137849190967897,NA,NA
"L2786","L2445",809,808,796,12,0,0,"Fuzzy match","D2202","E1094","APCL14_329","D3048","E2786","APCL15_404313",2520,3139,4.4,114,"09:22:00",114,NA,"Wangag",1475,1742,9.2,157,"14:56:00",157,NA,"Wangag",10.87151146,10.8714962,124.71418762,124.71412659,NA,0.00687740549028829,NA,NA
"L2790","L0935",807,809,797,10,0,0,"Fuzzy match","D1089","E1252","APCL14_391","D3056","E2794","APCL15_399551",2472,3097,6.4,113,"15:15:00",113,NA,"Wangag",1472,1740,8.7,157,"14:43:00",157,NA,"Wangag",10.87137032,10.87138367,124.71421051,124.71414948,NA,0.00682676552594679,NA,NA
"L2791","L1172",773,808,762,11,0,0,"Fuzzy match","D1092","E1276","APCL14_415","D3058","E2796","APCL15_407622",2496,3121,10.7,113,"16:54:00",113,NA,"Wangag",1447,1718,11.4,156,"11:28:00",156,NA,"Wangag",10.8714447,10.87140465,124.7140274,124.71401215,NA,0.00475435365598047,NA,NA
"L2792","L0895",809,806,797,9,0,0,"Fuzzy match","D0992","E0847","APCL14_065","D3059","E2797","APCL15_402230",1960,2702,6.3,96,"09:58:00",96,NA,"Palanas",1415,1692,10.1,154,"14:19:00",154,NA,"Palanas",10.87337399,10.87287807,124.71213531,124.71218872,NA,0.0554513979166296,NA,NA
"L2799","L0963",809,809,804,5,0,0,"Fuzzy match","D1186","E1264","APCL14_403","D3080","E2818","APCL15_403393",2485,3662,4.3,113,"15:58:00",113,NA,"Wangag",1459,1728,7.7,157,"13:48:00",157,NA,"Wangag",10.87155056,10.87154007,124.71425629,124.71411896,NA,0.0150417782167083,NA,NA
"L2802","L0820",808,777,743,33,0,0,"Fuzzy match","D1448","E1096","APCL14_331","D3089","E2827","APCL15_407646",2526,3145,4.9,114,"09:38:00",114,NA,"Wangag",1443,2184,10.2,156,"11:11:00",156,NA,"Wangag",10.87146568,10.87141991,124.71404266,124.71398926,NA,0.00773941057032782,NA,NA
"L2808","L1007",808,777,750,27,0,0,"Fuzzy match","D1313","E1280","APCL14_419","D3107","E2652","APCL15_407670",2497,3122,5.4,113,"16:59:00",113,NA,"Wangag",1479,1745,8.8,157,"15:10:00",157,NA,"Wangag",10.8714304,10.87141705,124.71401978,124.71404266,NA,0.00290601273560538,NA,NA
"L2812","L0802",809,786,749,37,0,0,"Fuzzy match","D1311","E1271","APCL14_410","D3117","E2724","APCL15_407401",2492,3117,5,113,"16:26:00",113,NA,"Wangag",1478,1744,8.5,157,"15:06:00",157,NA,"Wangag",10.87155724,10.87143707,124.71412659,124.71404266,NA,0.016203094321797,NA,NA
"L2823","L0720",809,809,799,10,0,0,"Fuzzy match","D1037","E0789","APCL14_004","D3165","E2886","APCL15_001",1865,2613,10,86,"15:26:00",86,NA,"Visca",1318,1604,10.2,149,"10:40:00",149,NA,"Visca",10.74358177,10.74351978,124.78662109,124.78659058,NA,0.00765628310882746,NA,NA
"L2824","L0897",809,809,805,4,0,0,"Fuzzy match","D0996","E0853","APCL14_071","D3166","E2887","APCL15_406037",1967,3423,4.5,96,"10:22:00",96,NA,"Palanas",1423,1699,9.6,154,"14:47:00",154,NA,"Palanas",10.87313747,10.87304401,124.71217346,124.71218109,NA,0.0104256075241083,NA,NA
"L2828","L0708",806,806,786,17,0,0,"Fuzzy match","D1004","E0866","APCL14_086","D3171","E2892","APCL15_407082",1984,3437,4,96,"11:24:00",96,NA,"Palanas",1411,1689,9,154,"14:03:00",154,NA,"Palanas",10.87291241,10.87277222,124.71192169,124.71183777,NA,0.018082620048554,NA,NA
"L2837","L1192",738,809,711,27,0,0,"Fuzzy match","D1362","E1028","APCL14_262","D3181","E2902","APCL15_371727",2285,3596,6.8,110,"09:47:00",110,NA,"Sitio Baybayon, Punta",1824,2080,8.8,178,"11:21:00",178,NA,"Sitio Baybayon",10.63428116,10.63424301,124.77668762,124.77680969,NA,0.0139983698412126,NA,NA
"L2843","L1205",780,800,754,17,0,0,"Fuzzy match","D1381","E1053","APCL14_287","D3189","E2910","APCL15_355870",2310,3611,9.2,111,"13:24:00",111,NA,"Sitio Baybayon, Punta",1838,2094,10.5,179,"14:23:00",179,NA,"Sitio Baybayon",10.63453197,10.63453293,124.77637482,124.77633667,NA,0.00417175557224961,NA,NA
"L2848","L0601",775,809,744,31,0,0,"Fuzzy match","D1393","E1082","APCL14_317","D3201","E2923","APCL15_372099",2337,3035,7.1,111,"15:25:00",111,NA,"Sitio Baybayon, Punta",1850,2407,8.3,179,"15:42:00",179,NA,"Sitio Baybayon",10.63522816,10.63509369,124.77613068,124.77607727,NA,0.0160508049086363,NA,NA
"L2856","L0953",808,806,790,15,0,0,"Fuzzy match","D1149","E0845","APCL14_063","D3221","E2943","APCL15_404670",1951,3413,4.4,95,"17:07:00",95,NA,"Sitio Baybayon, Punta",1807,2064,10,178,"10:00:00",178,NA,"Sitio Baybayon",10.63393974,10.63400936,124.77657318,124.77655029,NA,0.00813512971031375,NA,NA
"L2860","L1246",809,790,762,28,0,0,"Fuzzy match","D1183","E1020","APCL14_254","D3227","E2949","APCL15_356249",2277,2977,9.2,110,"09:11:00",110,NA,"Sitio Baybayon, Punta",1808,2372,9.6,178,"10:07:00",178,NA,"Sitio Baybayon",10.63401318,10.63405228,124.77661133,124.77651978,NA,0.0109093008993531,NA,NA
"L2861","L1302",809,807,797,10,0,0,"Fuzzy match","D1366","E1032","APCL14_266","D3228","E2950","APCL15_355505",2288,3598,7.5,110,"10:00:00",110,NA,"Sitio Baybayon, Punta",1828,2084,9.2,178,"11:43:00",178,NA,"Sitio Baybayon",10.63429356,10.6343441,124.77677155,124.77675629,NA,0.00586297526779685,NA,NA
"L2862","L0631",749,809,725,24,0,0,"Fuzzy match","D1442","E1059","APCL14_293","D3229","E2951","APCL15_369541",2314,3615,4.6,111,"13:43:00",111,NA,"Sitio Baybayon, Punta",1839,2095,9.4,179,"14:31:00",179,NA,"Sitio Baybayon",10.63463402,10.63457108,124.7763443,124.77638245,NA,0.00814675409782493,NA,NA
"L2867","L1224",809,778,752,26,0,0,"Fuzzy match","D0930","E0717","APCL13_599","D3238","E2960","APCL15_355908",3639,5127,8.6,56,"14:54:00",56,NA,"Sitio Baybayon, Punta",1824,2384,9.7,178,"11:21:00",178,NA,"Sitio Baybayon",10.634161,10.63424301,124.77666473,124.77680969,NA,0.018278928162611,NA,NA
"L2869","L1199",788,805,757,27,0,0,"Fuzzy match","D1375","E1047","APCL14_281","D3243","E2965","APCL15_373315",2302,3000,7.3,110,"11:03:00",110,NA,"Sitio Baybayon, Punta",1833,2089,10.4,179,"13:39:00",179,NA,"Sitio Baybayon",10.63445854,10.63443375,124.77651978,124.77642059,NA,0.0111846513536435,NA,NA
"L2870","L1198",762,800,712,41,0,0,"Fuzzy match","D1374","E1046","APCL14_280","D3244","E2966","APCL15_355571",2302,3606,7.8,110,"11:03:00",110,NA,"Sitio Baybayon, Punta",1837,2395,10,179,"14:13:00",179,NA,"Sitio Baybayon",10.63445854,10.63450718,124.77651978,124.77633667,NA,0.0207294000279245,NA,NA
"L2899","L0898",809,809,806,3,0,0,"Fuzzy match","D0999","E0857","APCL14_075","D3005","E2743","APCL15_405523",1974,2715,6.3,96,"10:44:00",96,NA,"Palanas",1417,1694,10,154,"14:26:00",154,NA,"Palanas",10.87301064,10.87284946,124.71218872,124.71224976,NA,0.0191220995150315,NA,NA
"L2907","L0798",809,802,786,16,0,0,"Fuzzy match","D1305","E1284","APCL14_423","D3041","E2779","APCL15_403777",2553,3170,5.5,114,"10:54:00",114,NA,"Wangag",1449,1719,9.3,156,"11:36:00",156,NA,"Wangag",10.87169743,10.87139511,124.71398926,124.71405029,NA,0.0342708536206935,NA,NA
"L2909","L2490",763,807,732,31,0,0,"Fuzzy match","D0789","E0576","APCL13_453","D3047","E2785","APCL15_375598",3511,4929,2.4,47,"09:37:00",47,NA,"Palanas North, Damulaan",1374,1654,9.1,152,"14:31:00",152,NA,"Palanas",10.87373924,10.87438774,124.71079254,124.71073151,NA,0.072417215296662,NA,NA
"L2912","L0989",809,808,805,3,0,0,"Fuzzy match","D1258","E0878","APCL14_107","D3054","E2792","APCL15_403062",2003,2744,5,98,"15:41:00",98,NA,"Palanas",1394,2153,9.1,153,"11:09:00",153,NA,"Palanas",10.87355995,10.87364864,124.71167755,124.7114563,NA,0.0260952941580993,NA,NA
"L2913","L0803",808,809,764,44,0,0,"Fuzzy match","D1312","E1278","APCL14_417","D3057","E2795","APCL15_402510",2495,3120,4.9,113,"16:50:00",113,NA,"Wangag",1451,2188,10.2,156,"11:43:00",156,NA,"Wangag",10.8714571,10.87140369,124.71404266,124.71404266,NA,0.00593933919479155,NA,NA
"L2919","L0705",799,808,774,24,0,0,"Fuzzy match","D0998","E0856","APCL14_074","D3075","E2813","APCL15_404741",1972,3428,4.1,96,"10:40:00",96,NA,"Palanas",1419,1696,8.2,154,"14:39:00",154,NA,"Palanas",10.87303543,10.87295628,124.71217346,124.71218872,NA,0.00895819049598009,NA,NA
"L2922","L2539",809,764,728,36,0,0,"Fuzzy match","D2233","E1288","APCL14_427","D3081","E2819","APCL15_406108",2557,3679,3.7,114,"11:08:00",114,NA,"Wangag",1449,2187,8.4,156,"11:36:00",156,NA,"Wangag",10.87168789,10.87139511,124.71389771,124.71405029,NA,0.0365715363362974,NA,NA
"L2927","L0739",809,809,802,7,0,0,"Fuzzy match","D1090","E1259","APCL14_398","D3109","E2654","APCL15_374339",2481,3106,8.1,113,"15:45:00",113,NA,"Wangag",1487,1752,9.6,158,"10:15:00",158,NA,"Wangag",10.87150002,10.87152195,124.71425629,124.71424866,NA,0.00257553007140704,NA,NA
"L2939","L0827",798,799,748,40,0,0,"Fuzzy match","D1462","E1298","APCL14_437","D3150","E2860","APCL15_399786",2564,3683,4.8,115,"13:30:00",115,NA,"Wangag",1427,2174,8.2,154,"15:12:00",154,NA,"Palanas",10.87184334,10.87326717,124.71381378,124.71217346,NA,0.239061576525666,NA,NA
"L2942","L0983",809,801,788,13,0,0,"Fuzzy match","D1241","E0786","APCL14_001","D3154","E2876","APCL15_374542",1862,2611,7.1,86,"15:01:00",86,NA,"Visca",1317,1603,9.4,149,"10:13:00",149,NA,"Visca",10.74388599,10.74384308,124.78634644,124.78652954,NA,0.0205641776748351,NA,NA
"L2949","L0785",807,809,734,73,0,0,"Fuzzy match","D1280","E0957","APCL14_190","D3186","E2907","APCL15_373608",2171,2891,3.7,103,"14:25:00",103,NA,"Palanas",1385,2149,6.4,152,"15:50:00",152,NA,"Palanas",10.87375641,10.87355423,124.71138,124.71112823,NA,0.0355144308723033,NA,NA
"L2955","L2441",805,795,769,22,0,0,"Fuzzy match","D1887","E1018","APCL14_252","D3199","E2920","APCL15_372245",2275,3589,7,110,"09:02:00",110,NA,"Sitio Baybayon, Punta",1806,2063,9.2,178,"09:52:00",178,NA,"Sitio Baybayon",10.63396645,10.63406181,124.7766037,124.77655792,NA,0.0117247975603342,NA,NA
"L2958","L1196",729,809,704,25,0,0,"Fuzzy match","D1372","E1044","APCL14_278","D3207","E2929","APCL15_354053",2301,2999,9.4,110,"10:53:00",110,NA,"Sitio Baybayon, Punta",1831,2390,10,179,"13:33:00",179,NA,"Sitio Baybayon",10.6344738,10.6344347,124.77655029,124.77646637,NA,0.010149644547609,NA,NA
"L2959","L1014",809,809,792,17,0,0,"Fuzzy match","D1406","E1061","APCL14_295","D3208","E2930","APCL15_355541",2316,3014,4.6,111,"13:50:00",111,NA,"Sitio Baybayon, Punta",1846,2403,9.4,179,"15:11:00",179,NA,"Sitio Baybayon",10.63466072,10.6348238,124.77637482,124.77625275,NA,0.0225122800644483,NA,NA
